912834BR Govt,,912833KH Govt,,912834EA Govt,,912834MP Govt,,912834EG Govt,,912834MR Govt,,912834EN Govt,,912833KJ Govt,,912834EQ Govt,,912834MV Govt,,912834ES Govt,,912834MX Govt,,912834EU Govt,,912833KK Govt,,912834EW Govt,,912834NB Govt,,912834EY Govt,,912834ND Govt,,912834FA Govt,,912833KL Govt,,912834FC Govt,,912834NK Govt,,912834HS Govt,,912834NM Govt,,912834HU Govt,,912833KM Govt,,912834HW Govt,,912834NR Govt,,912834HY Govt,,912834NT Govt,,912834JA Govt,,912833KN Govt,,912834JC Govt,,912834NX Govt,,912834JE Govt,,912834NZ Govt,,912834JG Govt,,912833KP Govt,,912834JJ Govt,,912834PD Govt,,912834JL Govt,,912834PF Govt,,912834JN Govt,,912833KQ Govt,,912834JS Govt,,912834JX Govt,,912834KE Govt,,912834JZ Govt,,912834KG Govt,,912833KR Govt,,912834KJ Govt,,912834KD Govt,,912834KL Govt,,912834PK Govt,,912834KN Govt,,912833KS Govt,,912834KQ Govt,,912834PP Govt,,912834KS Govt,,912834PR Govt,,912834KU Govt,,912833KT Govt,,912834KW Govt,,912834PV Govt,,912834KY Govt,,912834PX Govt,,912834LA Govt,,912833KU Govt,,912834LE Govt,,912834QD Govt,,912834LG Govt,,912834QF Govt,,912834LJ Govt,,912833KV Govt,,912834LL Govt,,912834LN Govt,,912834LQ Govt,,912833KW Govt,,912834LS Govt,,912834LU Govt,,912834LW Govt,,912833KX Govt,,912834LY Govt,,912834MA Govt,,912834MC Govt,,912833KY Govt,,912834MG Govt,,912834MJ Govt,,912834ML Govt,,912833KZ Govt,,912834MN Govt,,912834MQ Govt,,912834MS Govt,,912833LA Govt,,912834MU Govt,,912834MW Govt,,912834MY Govt,,912833LB Govt,,912834NA Govt,,912834NC Govt,,912834NE Govt,,912833LC Govt,,912834NJ Govt,,912834NL Govt,,912834NN Govt,,912833LD Govt,,912834NQ Govt,,912834NS Govt,,912834NU Govt,,912833LE Govt,,912834NW Govt,,912834NY Govt,,912834PA Govt,,912833LF Govt,,912834PC Govt,,912834PE Govt,,912834PG Govt,,912833LG Govt,,912834JW Govt,,912834JY Govt,,912834KA Govt,,912833LH Govt,,912834KC Govt,,912834PJ Govt,,912834PL Govt,,912833LJ Govt,,912834PN Govt,,912834PQ Govt,,912834PS Govt,,912833LK Govt,,912834PU Govt,,912834PW Govt,,912834PY Govt,,912833LL Govt,,912834QC Govt,,912834QE Govt,,912833LN Govt,,912833LM Govt,,912833LP Govt,,912833LQ Govt,,912833LR Govt,,912833LS Govt,,912833LT Govt,,912833LU Govt,,912833LV Govt,,912833LW Govt,,912833LX Govt,,912833LY Govt,,912833LZ Govt,,912833PA Govt,,912833PB Govt,,912833PC Govt,,912833PD Govt,,912833PE Govt,,912833QB Govt,,912833RY Govt,,912833WQ Govt,,912833RZ Govt,,912833WR Govt,,912833XN Govt,,912833XS Govt,,912833XP Govt,,912833XT Govt,,912833XX Govt,,912833XU Govt,,912833XY Govt,,9128337N Govt,,912833XZ Govt,,9128337P Govt,,9128334S Govt,,9128337Q Govt,,9128334T Govt,,9128337R Govt,,9128334U Govt,,9128337S Govt,,9128334V Govt,,9128337T Govt,,9128334W Govt,,9128337U Govt,,9128334X Govt,,9128337V Govt,,9128334Y Govt,,9128337W Govt,,9128334Z Govt,,912833X8 Govt,,9128335A Govt,,912833X9 Govt,,9128335B Govt,,912833Y2 Govt,,9128337E Govt,,912833Y3 Govt,,9128337F Govt,,912833Y4 Govt,,912833Z5 Govt,,912834AD Govt,,912833Z6 Govt,,912834AE Govt,,912834AT Govt,,912834DU Govt,,912834AU Govt,,912834DV Govt,,912834EP Govt,,912834EV Govt,,912834FB Govt,,912834HV Govt,,912834JB Govt,,912834JH Govt,,912834JP Govt,,912834KH Govt,,912834KP Govt
YLD_YTM_MID,,YLD_YTM_MID,,YLD_YTM_MID,,YLD_YTM_MID,,YLD_YTM_MID,,YLD_YTM_MID,,YLD_YTM_MID,,YLD_YTM_MID,,YLD_YTM_MID,,YLD_YTM_MID,,YLD_YTM_MID,,YLD_YTM_MID,,YLD_YTM_MID,,YLD_YTM_MID,,YLD_YTM_MID,,YLD_YTM_MID,,YLD_YTM_MID,,YLD_YTM_MID,,YLD_YTM_MID,,YLD_YTM_MID,,YLD_YTM_MID,,YLD_YTM_MID,,YLD_YTM_MID,,YLD_YTM_MID,,YLD_YTM_MID,,YLD_YTM_MID,,YLD_YTM_MID,,YLD_YTM_MID,,YLD_YTM_MID,,YLD_YTM_MID,,YLD_YTM_MID,,YLD_YTM_MID,,YLD_YTM_MID,,YLD_YTM_MID,,YLD_YTM_MID,,YLD_YTM_MID,,YLD_YTM_MID,,YLD_YTM_MID,,YLD_YTM_MID,,YLD_YTM_MID,,YLD_YTM_MID,,YLD_YTM_MID,,YLD_YTM_MID,,YLD_YTM_MID,,YLD_YTM_MID,,YLD_YTM_MID,,YLD_YTM_MID,,YLD_YTM_MID,,YLD_YTM_MID,,YLD_YTM_MID,,YLD_YTM_MID,,YLD_YTM_MID,,YLD_YTM_MID,,YLD_YTM_MID,,YLD_YTM_MID,,YLD_YTM_MID,,YLD_YTM_MID,,YLD_YTM_MID,,YLD_YTM_MID,,YLD_YTM_MID,,YLD_YTM_MID,,YLD_YTM_MID,,YLD_YTM_MID,,YLD_YTM_MID,,YLD_YTM_MID,,YLD_YTM_MID,,YLD_YTM_MID,,YLD_YTM_MID,,YLD_YTM_MID,,YLD_YTM_MID,,YLD_YTM_MID,,YLD_YTM_MID,,YLD_YTM_MID,,YLD_YTM_MID,,YLD_YTM_MID,,YLD_YTM_MID,,YLD_YTM_MID,,YLD_YTM_MID,,YLD_YTM_MID,,YLD_YTM_MID,,YLD_YTM_MID,,YLD_YTM_MID,,YLD_YTM_MID,,YLD_YTM_MID,,YLD_YTM_MID,,YLD_YTM_MID,,YLD_YTM_MID,,YLD_YTM_MID,,YLD_YTM_MID,,YLD_YTM_MID,,YLD_YTM_MID,,YLD_YTM_MID,,YLD_YTM_MID,,YLD_YTM_MID,,YLD_YTM_MID,,YLD_YTM_MID,,YLD_YTM_MID,,YLD_YTM_MID,,YLD_YTM_MID,,YLD_YTM_MID,,YLD_YTM_MID,,YLD_YTM_MID,,YLD_YTM_MID,,YLD_YTM_MID,,YLD_YTM_MID,,YLD_YTM_MID,,YLD_YTM_MID,,YLD_YTM_MID,,YLD_YTM_MID,,YLD_YTM_MID,,YLD_YTM_MID,,YLD_YTM_MID,,YLD_YTM_MID,,YLD_YTM_MID,,YLD_YTM_MID,,YLD_YTM_MID,,YLD_YTM_MID,,YLD_YTM_MID,,YLD_YTM_MID,,YLD_YTM_MID,,YLD_YTM_MID,,YLD_YTM_MID,,YLD_YTM_MID,,YLD_YTM_MID,,YLD_YTM_MID,,YLD_YTM_MID,,YLD_YTM_MID,,YLD_YTM_MID,,YLD_YTM_MID,,YLD_YTM_MID,,YLD_YTM_MID,,YLD_YTM_MID,,YLD_YTM_MID,,YLD_YTM_MID,,YLD_YTM_MID,,YLD_YTM_MID,,YLD_YTM_MID,,YLD_YTM_MID,,YLD_YTM_MID,,YLD_YTM_MID,,YLD_YTM_MID,,YLD_YTM_MID,,YLD_YTM_MID,,YLD_YTM_MID,,YLD_YTM_MID,,YLD_YTM_MID,,YLD_YTM_MID,,YLD_YTM_MID,,YLD_YTM_MID,,YLD_YTM_MID,,YLD_YTM_MID,,YLD_YTM_MID,,YLD_YTM_MID,,YLD_YTM_MID,,YLD_YTM_MID,,YLD_YTM_MID,,YLD_YTM_MID,,YLD_YTM_MID,,YLD_YTM_MID,,YLD_YTM_MID,,YLD_YTM_MID,,YLD_YTM_MID,,YLD_YTM_MID,,YLD_YTM_MID,,YLD_YTM_MID,,YLD_YTM_MID,,YLD_YTM_MID,,YLD_YTM_MID,,YLD_YTM_MID,,YLD_YTM_MID,,YLD_YTM_MID,,YLD_YTM_MID,,YLD_YTM_MID,,YLD_YTM_MID,,YLD_YTM_MID,,YLD_YTM_MID,,YLD_YTM_MID,,YLD_YTM_MID,,YLD_YTM_MID,,YLD_YTM_MID,,YLD_YTM_MID,,YLD_YTM_MID,,YLD_YTM_MID,,YLD_YTM_MID,,YLD_YTM_MID,,YLD_YTM_MID,,YLD_YTM_MID,,YLD_YTM_MID,,YLD_YTM_MID,,YLD_YTM_MID,,YLD_YTM_MID,,YLD_YTM_MID,,YLD_YTM_MID,,YLD_YTM_MID,,YLD_YTM_MID,,YLD_YTM_MID,,YLD_YTM_MID,,YLD_YTM_MID,,YLD_YTM_MID,,YLD_YTM_MID,,YLD_YTM_MID,,YLD_YTM_MID,,YLD_YTM_MID,,YLD_YTM_MID,,YLD_YTM_MID,,YLD_YTM_MID,,YLD_YTM_MID,,YLD_YTM_MID,,YLD_YTM_MID,,YLD_YTM_MID
3.425,,6.218,,3.513,,0.667,,2.431,,0.57,,3.126,,6.21,,3.153,,0.626,,3.178,,0.747,,3.481,,6.203,,3.508,,0.816,,3.538,,0.841,,3.402,,6.197,,3.38,,0.92,,3.463,,0.837,,2.537,,6.19,,2.561,,0.914,,2.584,,1.059,,2.012,,6.182,,2.058,,1.148,,2.065,,1.087,,2.763,,6.175,,2.79,,1.161,,2.818,,0.882,,3.001,,6.168,,3.024,,0.939,,3.057,,1.024,,2.581,,6.166,,2.523,,1.093,,2.56,,0.917,,1.506,,6.161,,1.527,,0.971,,1.517,,1.368,,1.409,,6.155,,1.43,,1.423,,1.444,,0.938,,1.677,,6.148,,1.702,,0.973,,1.696,,#N/A N/A,,1.182,,6.143,,1.2,,1.217,,1.101,,6.138,,1.122,,1.142,,1.221,,6.133,,1.242,,1.264,,1.276,,6.125,,1.295,,1.973,,1.996,,6.118,,2.021,,2.044,,2.068,,6.11,,2.094,,2.12,,2.516,,6.103,,2.544,,2.574,,2.356,,6.095,,2.376,,2.399,,2.191,,6.088,,2.212,,2.232,,2.273,,6.078,,2.289,,2.306,,2.04,,6.068,,2.052,,2.065,,1.77,,6.07,,1.781,,1.795,,2.14,,6.065,,2.157,,2.173,,1.849,,6.06,,1.864,,1.88,,2.19,,6.055,,2.202,,2.208,,1.649,,6.048,,1.661,,1.673,,6.043,,6.04,,6.03,,6.02,,6.01,,6,,5.99,,5.977,,5.97,,5.963,,5.953,,5.943,,5.933,,5.923,,5.915,,5.903,,5.889,,5.883,,5.877,,6.042,,5.984,,6.025,,6.031,,5.948,,5.614,,5.445,,5.845,,5.728,,5.528,,5.025,,4.895,,5.668,,4.903,,4.88,,4.898,,4.87,,4.872,,4.85,,4.87,,4.845,,4.862,,4.845,,4.858,,4.75,,4.848,,4.75,,4.848,,4.718,,4.848,,4.718,,4.848,,4.71,,4.863,,4.84,,4.863,,4.842,,4.85,,4.396,,4.326,,4.434,,4.284,,3.65,,4.455,,3.577,,4.458,,4.166,,4.865,,5.016,,4.152,,4.047,,4.713,,4.881,,4.792,,3.364
3.047,,6.305,,3.074,,0.543,,1.82,,0.641,,3.393,,6.302,,3.425,,0.712,,3.381,,0.718,,3.337,,6.303,,3.347,,0.799,,3.377,,0.724,,2.485,,6.303,,2.498,,0.798,,2.482,,0.928,,1.933,,6.3,,1.956,,1.016,,1.966,,0.976,,2.681,,6.295,,2.711,,1.051,,2.736,,0.794,,2.929,,6.293,,2.941,,0.853,,2.96,,0.922,,2.517,,6.293,,2.535,,0.989,,2.547,,0.838,,1.442,,6.293,,1.464,,0.891,,1.484,,1.284,,1.343,,6.29,,1.366,,1.34,,1.387,,0.885,,1.543,,6.285,,1.606,,0.92,,1.61,,,,1.129,,6.282,,1.145,,,,1.164,,,,1.038,,6.28,,1.06,,1.08,,1.156,,6.272,,1.178,,1.198,,1.211,,6.268,,1.231,,1.254,,1.926,,6.265,,1.947,,1.962,,1.987,,6.265,,2.015,,2.04,,2.429,,6.26,,2.458,,2.486,,2.288,,6.255,,2.31,,2.333,,2.132,,6.25,,2.151,,2.171,,2.223,,6.245,,2.24,,2.256,,2.003,,6.237,,2.015,,2.028,,1.73,,6.228,,1.743,,1.756,,2.092,,6.222,,2.107,,2.124,,1.804,,6.217,,1.819,,1.834,,2.151,,6.212,,2.164,,2.177,,1.612,,6.208,,1.624,,1.637,,,,6.205,,,,,,6.197,,6.188,,6.182,,6.175,,6.167,,6.16,,6.153,,6.148,,6.14,,6.133,,6.125,,6.115,,6.11,,6.107,,6.102,,6.087,,6.082,,6.075,,6.06,,5.985,,5.966,,5.968,,5.941,,5.888,,5.945,,5.605,,5.765,,5.552,,5.78,,5.518,,4.57,,5.231,,4.593,,5.18,,4.588,,5.18,,4.55,,5.18,,4.55,,5.145,,4.538,,5.145,,4.535,,5.15,,4.53,,5.15,,4.528,,5.045,,4.52,,5.042,,4.52,,5.006,,4.71,,4.978,,4.709,,4.967,,4.489,,4.619,,3.021,,4.584,,2.933,,4.435,,4.204,,4.415,,4.193,,4.895,,5.014,,4.175,,4.056,,4.705,,4.882,,4.777,,3.13,,3.106
3.311,,6.2,,3.43,,0.607,,0.93,,0.595,,3.244,,6.2,,3.26,,0.678,,3.287,,0.608,,2.441,,6.2,,2.46,,0.685,,2.463,,0.799,,1.866,,6.198,,1.882,,0.884,,1.897,,0.865,,2.609,,6.198,,2.631,,0.94,,2.637,,0.705,,2.863,,6.195,,2.874,,0.766,,2.889,,0.817,,2.404,,6.193,,2.409,,0.886,,2.433,,0.76,,1.389,,6.198,,1.4,,0.811,,1.421,,1.201,,1.274,,6.195,,1.3,,1.256,,1.321,,0.832,,1.532,,6.193,,1.558,,0.868,,1.561,,,,1.074,,6.19,,1.092,,,,1.111,,,,0.979,,6.195,,0.997,,,,1.018,,,,1.09,,6.192,,1.113,,1.133,,1.146,,6.187,,1.168,,1.188,,1.854,,6.185,,1.877,,1.902,,1.91,,6.185,,1.933,,2.314,,2.341,,6.182,,2.371,,2.399,,2.221,,6.177,,2.244,,2.266,,2.071,,6.175,,2.091,,2.111,,2.175,,6.17,,2.19,,2.207,,1.966,,6.165,,1.978,,1.99,,1.69,,6.16,,1.703,,1.716,,2.043,,6.155,,2.059,,2.076,,1.76,,6.15,,1.774,,1.789,,2.112,,6.145,,2.125,,2.138,,1.574,,6.14,,1.587,,1.599,,,,6.138,,,,,,,,6.135,,,,,,6.125,,6.118,,6.11,,6.103,,6.097,,6.093,,6.085,,6.08,,6.075,,6.068,,6.062,,6.055,,6.05,,6.045,,6.04,,6.03,,6.03,,6.02,,6.01,,5.622,,5.54,,5.605,,5.589,,5.568,,5.763,,5.845,,5.738,,5.954,,5.795,,5.011,,4.532,,5.242,,4.507,,4.803,,4.483,,4.788,,4.461,,4.788,,4.461,,4.785,,4.442,,4.785,,4.437,,4.778,,4.509,,4.778,,4.432,,4.77,,4.471,,4.69,,4.416,,4.68,,4.458,,4.845,,4.444,,4.843,,4.444,,4.366,,3.827,,4.317,,3.64,,4.212,,4.86,,4.141,,4.86,,5.011,,4.172,,4.058,,4.69,,4.88,,4.785,,3.142,,3.111,,3.584
3.154,,5.677,,3.198,,0.555,,0.76,,0.493,,2.349,,5.685,,2.366,,0.571,,2.385,,0.667,,1.796,,5.692,,1.816,,0.754,,1.824,,0.757,,2.545,,5.702,,2.55,,0.828,,2.564,,0.618,,2.78,,5.71,,2.785,,0.676,,2.803,,0.712,,2.332,,5.715,,2.316,,0.783,,2.348,,0.68,,1.319,,5.72,,1.33,,0.733,,1.339,,1.119,,1.207,,5.725,,1.224,,1.173,,1.257,,0.779,,1.453,,5.732,,1.484,,0.814,,1.508,,,,1.019,,5.737,,1.038,,,,1.056,,,,0.917,,5.742,,0.937,,,,0.958,,,,1.028,,5.75,,1.047,,,,1.069,,,,1.08,,5.752,,1.103,,1.123,,1.782,,5.752,,1.806,,1.829,,1.83,,5.755,,1.856,,1.883,,2.257,,5.757,,2.283,,2.132,,2.154,,5.762,,2.176,,2.198,,2.01,,5.76,,2.03,,2.05,,2.125,,5.76,,2.141,,2.158,,1.93,,5.762,,1.941,,1.954,,1.65,,5.762,,1.664,,1.676,,1.993,,5.765,,2.01,,2.026,,1.716,,5.767,,1.73,,1.745,,2.075,,5.767,,2.087,,2.1,,1.537,,5.765,,1.55,,1.562,,,,5.76,,,,,,,,5.755,,,,,,,,5.752,,,,,,5.75,,5.747,,5.745,,5.742,,5.74,,5.737,,5.737,,5.73,,5.725,,5.717,,5.717,,5.71,,5.705,,5.7,,5.69,,5.672,,5.666,,5.657,,5.647,,5.812,,5.636,,5.778,,5.758,,5.743,,5.783,,5.737,,6.055,,5.74,,5.703,,5.295,,4.727,,5.288,,4.74,,4.845,,4.737,,4.83,,4.754,,4.825,,4.715,,4.8,,4.657,,4.795,,4.692,,4.79,,4.694,,4.79,,4.659,,4.78,,4.652,,4.785,,4.663,,4.765,,4.585,,4.52,,4.631,,4.513,,4.582,,2.614,,4.486,,2.579,,4.46,,4.865,,5.01,,4.81,,5.009,,4.171,,4.063,,4.701,,4.871,,4.782,,3.136,,3.115,,3.585,,2.964
2.257,,5.745,,2.298,,0.46,,0.915,,0.541,,1.701,,5.757,,1.716,,0.625,,1.737,,0.636,,2.443,,5.778,,2.466,,0.717,,2.476,,0.526,,2.69,,5.818,,2.714,,0.586,,2.728,,0.603,,2.23,,5.823,,2.26,,0.677,,2.274,,0.594,,1.255,,5.834,,1.265,,0.653,,1.271,,1.019,,1.143,,5.842,,1.161,,1.087,,1.176,,0.724,,1.389,,5.852,,1.4,,0.76,,1.435,,,,0.964,,5.857,,0.983,,,,1.001,,,,0.856,,5.849,,0.876,,,,0.896,,,,0.965,,5.856,,0.984,,,,1.005,,,,1.016,,5.856,,1.036,,,,1.059,,,,1.702,,5.868,,1.731,,1.757,,1.743,,5.867,,1.774,,1.803,,2.159,,5.861,,2.192,,2.228,,2.078,,5.858,,2.104,,1.916,,1.94,,5.877,,1.965,,1.989,,2.068,,5.864,,2.089,,2.108,,1.886,,5.868,,1.901,,1.918,,1.608,,5.869,,1.622,,1.637,,1.936,,5.88,,1.957,,1.977,,1.665,,5.882,,1.683,,1.7,,2.034,,5.89,,2.048,,2.062,,1.497,,5.893,,1.51,,1.525,,,,5.895,,,,,,,,5.883,,,,,,,,5.882,,,,,,,,5.875,,,,,,5.875,,5.864,,5.854,,5.863,,5.864,,5.862,,5.855,,5.846,,5.831,,5.82,,5.829,,5.808,,5.808,,5.81,,5.809,,5.794,,5.789,,5.796,,5.779,,5.908,,5.905,,5.905,,5.852,,5.889,,6.095,,5.763,,5.885,,5.119,,6.023,,5.343,,4.572,,5.014,,4.53,,4.891,,4.522,,4.87,,4.509,,4.866,,4.493,,4.845,,4.481,,4.84,,4.481,,4.83,,4.472,,4.825,,4.457,,4.825,,4.446,,4.825,,4.434,,4.83,,4.399,,4.453,,4.399,,4.389,,4.362,,3.803,,4.234,,3.653,,4.224,,5.014,,4.168,,5.014,,4.17,,4.061,,4.697,,4.871,,4.784,,3.141,,3.117,,3.576,,2.964,,3.019
1.607,,6.084,,1.633,,0.5,,0.602,,0.513,,2.364,,6.101,,2.37,,0.595,,2.387,,0.43,,2.602,,6.118,,2.622,,0.494,,2.635,,0.493,,2.097,,6.133,,2.164,,0.565,,2.164,,0.507,,1.189,,6.139,,1.196,,0.565,,1.212,,0.917,,1.074,,6.137,,1.09,,0.986,,1.106,,0.668,,1.311,,6.141,,1.323,,0.705,,1.334,,,,0.912,,6.144,,0.927,,,,0.946,,,,0.796,,6.148,,0.817,,,,0.836,,,,0.903,,6.149,,0.924,,,,0.943,,,,0.949,,6.155,,0.97,,,,0.994,,,,1.622,,6.154,,1.647,,,,1.675,,,,1.651,,6.157,,1.683,,1.712,,2.055,,6.157,,2.09,,2.123,,1.995,,6.156,,2.022,,2.05,,1.868,,6.152,,1.891,,1.988,,2.008,,6.161,,2.028,,2.048,,1.84,,6.149,,1.856,,1.871,,1.562,,6.152,,1.577,,1.592,,1.877,,6.142,,1.895,,1.916,,1.612,,6.141,,1.63,,1.647,,1.992,,6.147,,2.006,,2.02,,1.455,,6.139,,1.469,,1.483,,,,6.143,,,,,,,,6.146,,,,,,,,6.144,,,,,,,,6.145,,,,,,,,6.145,,,,,,6.14,,6.138,,6.135,,6.136,,6.135,,6.129,,6.126,,6.107,,6.092,,6.077,,6.072,,6.082,,6.082,,6.077,,6.069,,6.045,,6.037,,6.032,,6.032,,5.803,,5.79,,5.773,,5.768,,5.765,,5.92,,6.068,,5.15,,5.486,,5.868,,4.987,,3.127,,5.429,,3.104,,5.137,,3.099,,5.09,,3.029,,5.115,,3.032,,5.105,,2.944,,5.1,,2.944,,5.1,,2.857,,5.07,,2.839,,5.105,,2.764,,5.095,,2.759,,5.075,,2.687,,4.639,,2.674,,4.614,,2.612,,4.449,,4.852,,4.44,,4.887,,4.165,,4.045,,4.17,,4.057,,4.695,,4.881,,4.783,,3.141,,3.118,,3.578,,2.956,,3.021,,3.152
2.234,,5.637,,2.266,,0.472,,0.435,,0.334,,2.507,,5.657,,2.521,,0.398,,2.549,,0.381,,1.999,,5.68,,2.009,,0.455,,2.025,,0.422,,1.128,,5.695,,1.135,,0.478,,1.152,,0.815,,1.01,,5.71,,1.021,,0.883,,1.038,,0.612,,1.244,,5.725,,1.25,,0.65,,1.264,,,,0.857,,5.74,,0.874,,,,0.893,,,,0.739,,5.755,,0.757,,,,0.777,,,,0.841,,5.762,,0.862,,,,0.882,,,,0.882,,5.77,,0.905,,,,0.926,,,,1.539,,5.78,,1.565,,,,1.595,,,,1.564,,5.788,,1.591,,,,1.622,,,,1.951,,5.787,,1.987,,2.019,,1.912,,5.79,,1.94,,1.967,,1.794,,5.795,,1.818,,1.843,,1.949,,5.802,,1.968,,1.778,,1.793,,5.807,,1.809,,1.824,,1.516,,5.812,,1.532,,1.547,,1.815,,5.817,,1.835,,1.856,,1.56,,5.817,,1.576,,1.594,,1.95,,5.82,,1.964,,1.978,,1.412,,5.82,,1.427,,1.44,,,,5.82,,,,,,,,5.818,,,,,,,,5.813,,,,,,,,5.807,,,,,,,,5.805,,,,,,,,5.802,,,,,,5.8,,5.795,,5.795,,5.802,,5.802,,5.802,,5.805,,5.802,,5.8,,5.8,,5.8,,5.8,,5.8,,5.8,,5.795,,5.795,,5.79,,5.78,,5.772,,5.878,,5.858,,5.838,,5.823,,5.8,,5.163,,5.9,,5.306,,5.56,,5.125,,5.444,,3.869,,5.375,,3.882,,4.89,,3.88,,4.879,,3.868,,4.868,,3.859,,4.849,,3.83,,4.845,,3.83,,4.838,,3.826,,4.839,,3.819,,4.848,,3.806,,4.848,,3.806,,4.848,,3.789,,4.394,,3.78,,4.385,,3.805,,4.239,,5.012,,4.229,,5.014,,4.042,,4.69,,4.048,,4.699,,4.878,,4.788,,3.138,,3.106,,3.581,,2.953,,3.015,,3.148,,3.36
2.39,,6,,2.412,,0.302,,0.468,,0.269,,1.907,,6.012,,1.922,,0.344,,1.943,,0.334,,1.062,,6.025,,1.079,,0.392,,1.089,,0.715,,0.939,,6.037,,0.951,,0.781,,0.975,,0.556,,1.178,,6.048,,1.18,,0.594,,1.196,,,,0.801,,6.06,,0.82,,,,0.838,,,,0.68,,6.07,,0.699,,,,0.719,,,,0.782,,6.072,,0.8,,,,0.821,,,,0.814,,6.077,,0.837,,,,0.858,,,,1.456,,6.067,,1.484,,,,1.511,,,,1.473,,6.085,,1.502,,,,1.533,,,,1.851,,6.082,,1.882,,,,1.918,,,,1.829,,6.082,,1.857,,1.884,,1.72,,6.082,,1.744,,1.769,,1.888,,6.082,,1.908,,1.928,,1.747,,6.082,,1.762,,1.455,,1.47,,6.082,,1.486,,1.501,,1.754,,6.077,,1.775,,1.795,,1.507,,6.073,,1.524,,1.542,,1.91,,6.068,,1.922,,1.937,,1.369,,6.06,,1.384,,1.398,,,,6.055,,,,,,,,6.055,,,,,,,,6.05,,,,,,,,6.04,,,,,,,,6.035,,,,,,,,6.032,,,,,,,,6.03,,,,,,6.025,,6.017,,6.012,,6.01,,6.01,,6.01,,6.01,,6.005,,6.003,,6,,5.995,,5.985,,5.982,,5.98,,5.972,,5.95,,5.93,,5.913,,5.9,,6.175,,6.155,,6.135,,6.123,,6.113,,5.306,,5.155,,5.38,,5.224,,5.3,,5.394,,4.597,,5.099,,4.584,,4.593,,4.58,,4.55,,4.579,,4.548,,4.576,,4.54,,4.556,,4.535,,4.554,,4.53,,4.552,,4.53,,4.55,,4.52,,4.539,,4.52,,4.531,,4.51,,4.505,,2.682,,4.493,,2.647,,4.49,,4.852,,4.159,,4.87,,4.165,,4.691,,4.889,,4.697,,4.883,,4.781,,3.144,,3.105,,3.578,,2.956,,3.011,,3.139,,3.354,,3.7
1.789,,6.243,,1.8,,0.239,,0.401,,0.266,,0.982,,6.258,,1.007,,0.309,,1.022,,0.635,,0.875,,6.27,,0.891,,0.685,,0.906,,0.505,,1.082,,6.28,,1.111,,0.538,,1.13,,,,0.749,,6.293,,0.766,,,,0.783,,,,0.628,,6.305,,0.644,,,,0.66,,,,0.726,,6.31,,0.743,,,,0.761,,,,0.753,,6.318,,0.771,,,,0.814,,,,1.365,,6.32,,1.398,,,,1.427,,,,1.374,,6.318,,1.408,,,,1.441,,,,1.736,,6.328,,1.774,,,,1.816,,,,1.737,,6.325,,1.768,,,,1.802,,,,1.635,,6.325,,1.665,,1.695,,1.817,,6.325,,1.843,,1.868,,1.69,,6.323,,1.71,,1.731,,1.418,,6.32,,1.436,,1.66,,1.684,,6.32,,1.709,,1.733,,1.449,,6.32,,1.469,,1.489,,1.86,,6.318,,1.877,,1.895,,1.326,,6.313,,1.34,,1.356,,,,6.315,,,,,,,,6.31,,,,,,,,6.298,,,,,,,,6.29,,,,,,,,6.283,,,,,,,,6.278,,,,,,,,6.273,,,,,,,,6.27,,,,,,6.265,,6.263,,6.26,,6.26,,6.258,,6.255,,6.253,,6.253,,6.25,,6.248,,6.238,,6.233,,6.228,,6.225,,6.225,,6.217,,6.205,,6.203,,6.193,,5.983,,5.968,,5.955,,5.948,,5.94,,5.328,,5.305,,5.109,,5.639,,5.392,,5.184,,4.324,,5.535,,4.3,,4.501,,4.29,,4.523,,4.281,,4.521,,4.279,,4.509,,4.278,,4.506,,4.279,,4.497,,4.273,,4.506,,4.268,,4.486,,4.268,,4.485,,4.265,,4.449,,4.258,,3.787,,4.255,,3.795,,4.253,,5.013,,4.038,,5.014,,4.039,,4.886,,4.769,,4.891,,4.785,,3.151,,3.102,,3.574,,2.953,,3.009,,3.137,,3.346,,3.695,,3.969
0.912,,5.795,,0.922,,0.245,,0.706,,0.559,,0.799,,5.82,,0.824,,0.61,,0.839,,0.451,,1.017,,5.845,,1.045,,0.487,,1.048,,,,0.7,,5.868,,0.714,,,,0.732,,,,0.579,,5.885,,0.596,,,,0.612,,,,0.674,,5.9,,0.691,,,,0.708,,,,0.693,,5.913,,0.712,,,,0.733,,,,1.275,,5.938,,1.303,,,,1.347,,,,1.269,,5.95,,1.305,,,,1.338,,,,1.614,,5.953,,1.655,,,,1.694,,,,1.637,,5.963,,1.67,,,,1.703,,,,1.548,,5.975,,1.575,,,,1.605,,,,1.741,,5.978,,1.767,,1.792,,1.63,,5.985,,1.65,,1.67,,1.359,,5.988,,1.378,,1.398,,1.612,,6.003,,1.635,,1.368,,1.388,,6.008,,1.408,,1.428,,1.806,,6.013,,1.824,,1.842,,1.28,,6.013,,1.295,,1.31,,,,6.023,,,,,,,,6.028,,,,,,,,6.028,,,,,,,,6.015,,,,,,,,6.02,,,,,,,,6.018,,,,,,,,6.015,,,,,,,,6.018,,,,,,,,6.02,,,,,,6.018,,6.018,,6.018,,6.015,,6.015,,6.015,,6.015,,6.015,,6.015,,6.015,,6.01,,6.008,,6.008,,6.008,,6.008,,6.003,,6.003,,6,,5.995,,5.22,,5.21,,5.185,,5.175,,5.17,,5.067,,5.35,,5.483,,5.246,,5.124,,5.604,,4.927,,5.174,,4.922,,4.675,,4.915,,4.639,,4.922,,4.638,,4.92,,4.719,,4.905,,4.646,,4.902,,4.625,,4.912,,4.692,,4.902,,4.652,,4.907,,4.652,,4.902,,4.602,,4.88,,4.499,,4.877,,4.494,,4.867,,4.158,,4.686,,4.178,,4.693,,4.765,,3.155,,4.783,,3.149,,3.1,,3.575,,2.947,,3.005,,3.134,,3.349,,3.682,,3.964,,4.213
0.732,,4.782,,0.746,,0.535,,0.528,,0.399,,0.937,,4.826,,0.967,,0.434,,0.991,,,,0.649,,4.855,,0.665,,,,0.683,,,,0.533,,4.898,,0.547,,,,0.564,,,,0.62,,4.925,,0.638,,,,0.655,,,,0.632,,4.947,,0.652,,,,0.671,,,,1.181,,4.973,,1.211,,,,1.244,,,,1.17,,5.003,,1.201,,,,1.279,,,,1.491,,5.02,,1.534,,,,1.572,,,,1.536,,5.042,,1.57,,,,1.603,,,,1.457,,5.065,,1.487,,,,1.517,,,,1.667,,5.09,,1.691,,,,1.716,,,,1.568,,5.102,,1.589,,1.609,,1.301,,5.11,,1.32,,1.34,,1.538,,5.14,,1.562,,1.587,,1.328,,5.155,,1.347,,1.734,,1.752,,5.175,,1.77,,1.788,,1.234,,5.188,,1.249,,1.264,,,,5.222,,,,,,,,5.205,,,,,,,,5.218,,,,,,,,5.22,,,,,,,,5.225,,,,,,,,5.25,,,,,,,,5.252,,,,,,,,5.25,,,,,,,,5.248,,,,,,,,5.25,,,,,,5.25,,5.25,,5.25,,5.252,,5.252,,5.255,,5.258,,5.26,,5.258,,5.255,,5.248,,5.248,,5.245,,5.245,,5.245,,5.248,,5.25,,5.23,,5.22,,5.351,,5.338,,5.322,,5.31,,5.305,,5.487,,5.079,,5.523,,5.113,,5.484,,5.268,,4.954,,5.173,,4.967,,4.529,,4.993,,4.514,,4.976,,4.503,,4.976,,4.489,,4.98,,4.486,,4.983,,4.473,,4.993,,4.467,,4.991,,4.457,,5.002,,4.446,,5.007,,4.404,,5.001,,4.258,,5.01,,4.263,,5.003,,4.038,,4.878,,4.037,,4.886,,3.158,,3.104,,3.151,,3.103,,3.577,,2.946,,3.001,,3.125,,3.334,,3.685,,3.962,,4.209,,3.749
0.868,,4.885,,0.892,,0.383,,0.569,,,,0.597,,4.933,,0.615,,,,0.631,,,,0.485,,4.95,,0.501,,,,0.518,,,,0.57,,4.982,,0.585,,,,0.603,,,,0.57,,5,,0.592,,,,0.61,,,,1.087,,5.027,,1.122,,,,1.148,,,,1.067,,5.054,,1.1,,,,1.203,,,,1.375,,5.089,,1.41,,,,1.478,,,,1.436,,5.11,,1.47,,,,1.503,,,,1.367,,5.134,,1.398,,,,1.427,,,,1.591,,5.157,,1.616,,,,1.642,,,,1.509,,5.182,,1.528,,,,1.549,,,,1.242,,5.205,,1.262,,1.281,,1.464,,5.22,,1.489,,1.513,,1.267,,5.248,,1.287,,1.308,,1.699,,5.257,,1.716,,1.172,,1.188,,5.275,,1.203,,1.218,,,,5.282,,,,,,,,5.303,,,,,,,,5.32,,,,,,,,5.322,,,,,,,,5.332,,,,,,,,5.335,,,,,,,,5.352,,,,,,,,5.352,,,,,,,,5.352,,,,,,,,5.35,,,,,,,,5.357,,,,,,5.359,,5.36,,5.359,,5.369,,5.372,,5.372,,5.377,,5.382,,5.382,,5.382,,5.382,,5.387,,5.39,,5.392,,5.392,,5.392,,5.383,,5.372,,5.36,,5.353,,5.355,,5.355,,5.333,,5.343,,5.498,,5.49,,5.214,,4.921,,5.534,,5.146,,4.099,,4.875,,4.11,,3.112,,4.124,,3.049,,4.135,,3.037,,4.124,,2.957,,4.125,,2.944,,4.132,,2.84,,4.137,,2.849,,4.135,,2.784,,4.145,,2.764,,4.148,,2.765,,4.153,,4.877,,4.154,,4.87,,4.157,,4.687,,4.769,,4.694,,4.767,,3.103,,3.573,,3.103,,3.578,,2.942,,2.998,,3.119,,3.332,,3.684,,3.955,,4.21,,3.745,,3.542
0.553,,4.786,,0.567,,,,0.533,,,,0.444,,4.819,,0.457,,,,0.469,,,,0.524,,4.853,,0.537,,,,0.552,,,,0.521,,4.896,,0.534,,,,0.551,,,,0.991,,4.912,,1.024,,,,1.054,,,,0.967,,4.948,,1.003,,,,1.03,,,,1.25,,4.978,,1.29,,,,1.385,,,,1.329,,5.015,,1.364,,,,1.418,,,,1.269,,5.039,,1.304,,,,1.337,,,,1.499,,5.066,,1.533,,,,1.565,,,,1.437,,5.086,,1.462,,,,1.494,,,,1.18,,5.13,,1.201,,,,1.223,,,,1.384,,5.151,,1.412,,1.439,,1.203,,5.171,,1.225,,1.247,,1.64,,5.186,,1.66,,1.682,,1.141,,5.216,,1.157,,,,,,5.235,,,,,,,,5.255,,,,,,,,5.264,,,,,,,,5.281,,,,,,,,5.301,,,,,,,,5.316,,,,,,,,5.331,,,,,,,,5.344,,,,,,,,5.348,,,,,,,,5.354,,,,,,,,5.375,,,,,,,,5.365,,,,,,5.368,,5.361,,5.371,,5.381,,5.381,,5.381,,5.381,,5.393,,5.398,,5.398,,5.401,,5.391,,5.403,,5.403,,5.408,,5.408,,5.401,,5.389,,5.381,,5.067,,5.068,,5.079,,5.054,,5.08,,5.214,,5.493,,5.632,,4.339,,5.224,,4.855,,3.835,,4.395,,3.86,,3.879,,3.878,,3.878,,3.897,,3.861,,3.915,,3.862,,3.933,,3.848,,3.95,,3.819,,3.97,,3.824,,3.986,,3.816,,4.009,,3.816,,4.021,,3.81,,4.031,,4.999,,4.034,,5.002,,4.032,,4.871,,3.158,,4.882,,3.159,,3.571,,2.931,,3.579,,2.944,,2.99,,3.117,,3.324,,3.679,,3.95,,4.206,,3.745,,3.537,,3.338
0.407,,4.366,,0.42,,,,0.438,,,,0.483,,4.398,,0.497,,,,0.51,,,,0.475,,4.435,,0.489,,,,0.505,,,,0.901,,4.452,,0.929,,,,0.962,,,,0.867,,4.475,,0.901,,,,1.032,,,,1.124,,4.51,,1.169,,,,1.207,,,,1.212,,4.56,,1.25,,,,1.328,,,,1.171,,4.6,,1.202,,,,1.243,,,,1.399,,4.633,,1.433,,,,1.466,,,,1.36,,4.655,,1.386,,,,1.411,,,,1.112,,4.69,,1.134,,,,1.157,,,,1.304,,4.729,,1.329,,,,1.357,,,,1.137,,4.752,,1.159,,1.181,,1.579,,4.769,,1.6,,1.62,,1.094,,4.799,,1.109,,1.125,,,,4.819,,,,,,,,4.847,,,,,,,,4.872,,,,,,,,4.875,,,,,,,,4.89,,,,,,,,4.92,,,,,,,,4.93,,,,,,,,4.941,,,,,,,,4.974,,,,,,,,4.989,,,,,,,,4.993,,,,,,,,5.012,,,,,,,,5.017,,,,,,5.02,,5.022,,5.037,,5.052,,5.057,,5.057,,5.067,,5.068,,5.078,,5.075,,5.08,,5.088,,5.09,,5.103,,5.098,,5.095,,5.094,,5.088,,5.088,,5.479,,5.475,,5.385,,5.479,,5.487,,5.634,,5.215,,5.262,,4.649,,5.644,,4.369,,4.616,,4.644,,4.628,,4.589,,4.635,,4.585,,4.631,,4.576,,4.641,,4.57,,4.648,,4.559,,4.658,,4.549,,4.659,,4.549,,4.671,,4.542,,4.671,,4.539,,4.675,,4.526,,4.678,,4.15,,4.682,,4.156,,4.689,,4.765,,3.097,,4.768,,3.1,,2.929,,2.98,,2.939,,2.988,,3.108,,3.314,,3.672,,3.948,,4.197,,3.744,,3.535,,3.329,,2.855
0.441,,4.8,,0.455,,,,0.476,,,,0.428,,4.825,,0.444,,,,0.458,,,,0.807,,4.86,,0.837,,,,0.869,,,,0.772,,4.905,,0.801,,,,0.835,,,,0.998,,4.932,,1.041,,,,1.127,,,,1.096,,4.957,,1.136,,,,1.173,,,,1.069,,4.988,,1.102,,,,1.164,,,,1.303,,5.042,,1.333,,,,1.355,,,,1.282,,5.058,,1.309,,,,1.334,,,,1.045,,5.088,,1.067,,,,1.089,,,,1.221,,5.115,,1.248,,,,1.276,,,,1.072,,5.15,,1.093,,,,1.115,,,,1.518,,5.173,,1.538,,1.558,,1.046,,5.192,,1.062,,1.077,,,,5.21,,,,,,,,5.22,,,,,,,,5.236,,,,,,,,5.255,,,,,,,,5.266,,,,,,,,5.291,,,,,,,,5.309,,,,,,,,5.32,,,,,,,,5.322,,,,,,,,5.348,,,,,,,,5.355,,,,,,,,5.377,,,,,,,,5.384,,,,,,,,5.395,,,,,,5.401,,5.401,,5.398,,5.408,,5.41,,5.411,,5.411,,5.43,,5.432,,5.433,,5.433,,5.432,,5.433,,5.44,,5.436,,5.433,,5.435,,5.422,,5.423,,5.548,,5.552,,5.552,,5.534,,5.519,,5.262,,5.632,,5.128,,4.589,,5.244,,4.581,,4.748,,4.542,,4.764,,4.296,,4.785,,4.283,,4.796,,4.28,,4.8,,4.28,,4.815,,4.28,,4.823,,4.281,,4.816,,4.272,,4.838,,4.27,,4.854,,4.271,,4.841,,4.259,,4.854,,4.035,,4.86,,4.033,,4.874,,3.158,,3.559,,3.162,,3.57,,2.975,,3.088,,2.987,,3.102,,3.306,,3.667,,3.939,,4.198,,3.742,,3.534,,3.327,,2.841,,2.658
0.382,,4.993,,0.398,,,,0.471,,,,0.712,,5.031,,0.744,,,,0.774,,,,0.599,,5.063,,0.704,,,,0.813,,,,0.877,,5.092,,0.914,,,,0.958,,,,0.979,,5.117,,1.018,,,,1.092,,,,0.967,,5.152,,1.002,,,,1.035,,,,1.203,,5.177,,1.236,,,,1.29,,,,1.208,,5.217,,1.231,,,,1.217,,,,0.977,,5.234,,1,,,,1.022,,,,1.138,,5.254,,1.166,,,,1.193,,,,1.006,,5.288,,1.028,,,,1.05,,,,1.458,,5.317,,1.477,,,,1.498,,,,0.998,,5.331,,1.014,,1.029,,,,5.351,,,,,,,,5.374,,,,,,,,5.387,,,,,,,,5.387,,,,,,,,5.406,,,,,,,,5.424,,,,,,,,5.44,,,,,,,,5.459,,,,,,,,5.473,,,,,,,,5.486,,,,,,,,5.501,,,,,,,,5.507,,,,,,,,5.525,,,,,,,,5.532,,,,,,,,5.534,,,,,,5.543,,5.543,,5.554,,5.562,,5.562,,5.567,,5.572,,5.593,,5.598,,5.603,,5.618,,5.594,,5.594,,5.597,,5.602,,5.584,,5.587,,5.579,,5.574,,5.25,,5.251,,5.249,,5.236,,5.223,,5.138,,5.252,,4.95,,5.032,,5.108,,4.539,,4.565,,5.009,,4.576,,4.927,,4.595,,4.925,,4.61,,4.92,,4.627,,4.91,,4.642,,4.907,,4.659,,4.912,,4.673,,4.912,,4.689,,4.907,,4.702,,4.907,,4.714,,4.885,,4.727,,4.689,,4.742,,4.686,,4.754,,3.091,,2.92,,3.099,,2.926,,3.084,,3.302,,3.099,,3.301,,3.661,,3.934,,4.194,,3.737,,3.532,,3.33,,2.841,,2.661,,3.33
0.626,,4.549,,0.654,,,,0.329,,,,0.584,,4.584,,0.612,,,,0.638,,,,0.729,,4.617,,0.832,,,,0.9,,,,0.862,,4.65,,0.9,,,,0.941,,,,0.856,,4.671,,0.895,,,,0.922,,,,1.082,,4.71,,1.127,,,,1.169,,,,1.107,,4.742,,1.144,,,,1.164,,,,0.898,,4.787,,0.925,,,,0.9,,,,1.041,,4.814,,1.076,,,,1.11,,,,0.931,,4.839,,0.958,,,,0.984,,,,1.382,,4.87,,1.41,,,,1.438,,,,0.948,,4.91,,0.935,,,,0.982,,,,,,4.936,,,,,,,,4.952,,,,,,,,4.975,,,,,,,,5.002,,,,,,,,5.02,,,,,,,,5.04,,,,,,,,5.052,,,,,,,,5.083,,,,,,,,5.102,,,,,,,,5.116,,,,,,,,5.124,,,,,,,,5.149,,,,,,,,5.164,,,,,,,,5.174,,,,,,,,5.176,,,,,,,,5.199,,,,,,5.201,,5.206,,5.214,,5.229,,5.229,,5.238,,5.249,,5.252,,5.259,,5.259,,5.256,,5.254,,5.254,,5.259,,5.267,,5.259,,5.264,,5.268,,5.264,,5.673,,5.678,,5.659,,5.646,,5.637,,4.918,,5.136,,4.346,,5.251,,4.908,,4.972,,3.011,,5.205,,3.029,,4.973,,3.038,,4.974,,3.048,,4.999,,3.062,,4.982,,3.072,,4.982,,3.084,,4.987,,3.096,,4.988,,3.11,,4.996,,3.118,,4.995,,3.127,,5.003,,3.138,,4.855,,3.142,,4.865,,3.153,,3.555,,2.958,,3.567,,2.965,,3.297,,3.657,,3.303,,3.661,,3.931,,4.189,,3.734,,3.531,,3.326,,2.86,,2.663,,3.333,,3.029
0.501,,5.196,,0.53,,,,0.308,,,,0.66,,5.231,,0.695,,,,0.728,,,,0.655,,5.256,,0.779,,,,0.844,,,,0.744,,5.294,,0.779,,,,0.818,,,,0.95,,5.309,,0.994,,,,1.018,,,,0.995,,5.334,,1.034,,,,1.07,,,,0.809,,5.364,,0.838,,,,0.86,,,,0.94,,5.379,,0.972,,,,0.968,,,,0.851,,5.409,,0.878,,,,0.904,,,,1.298,,5.434,,1.327,,,,1.354,,,,0.894,,5.464,,0.912,,,,0.93,,,,,,5.495,,,,,,,,,,,,5.506,,,,,,,,5.52,,,,,,,,5.538,,,,,,,,5.557,,,,,,,,5.565,,,,,,,,5.583,,,,,,,,5.598,,,,,,,,5.608,,,,,,,,5.61,,,,,,,,5.618,,,,,,,,5.622,,,,,,,,5.645,,,,,,,,5.658,,,,,,,,5.665,,,,,,,,5.67,,,,,,,,5.68,,,,,,5.68,,5.677,,5.686,,5.702,,5.694,,5.699,,5.687,,5.705,,5.701,,5.701,,5.7,,5.705,,5.71,,5.712,,5.707,,5.695,,5.698,,5.691,,5.685,,5.272,,5.282,,5.231,,5.262,,5.239,,4.369,,4.945,,4.667,,4.821,,4.334,,5.2,,2.899,,4.844,,2.919,,4.126,,2.933,,4.127,,2.955,,4.133,,2.966,,4.126,,2.983,,4.13,,3,,4.146,,3.025,,4.156,,3.035,,4.154,,3.052,,4.16,,3.061,,4.162,,3.065,,4.737,,3.088,,4.754,,3.083,,2.909,,3.067,,2.922,,3.076,,3.65,,3.918,,3.662,,3.929,,4.187,,3.733,,3.525,,3.322,,2.852,,2.661,,3.335,,3.034,,3.131
0.563,,4.65,,0.591,,,,0.262,,,,0.616,,4.685,,0.658,,,,0.698,,,,0.557,,4.724,,0.666,,,,0.697,,,,0.822,,4.765,,0.862,,,,0.907,,,,0.883,,4.791,,0.921,,,,0.937,,,,0.721,,4.814,,0.751,,,,0.779,,,,0.835,,4.854,,0.869,,,,0.872,,,,0.774,,4.888,,0.798,,,,0.79,,,,1.215,,4.908,,1.243,,,,1.27,,,,0.841,,4.942,,0.859,,,,0.876,,,,,,4.967,,,,,,,,,,,,4.986,,,,,,,,,,,,5.001,,,,,,,,5.026,,,,,,,,5.04,,,,,,,,5.053,,,,,,,,5.073,,,,,,,,5.095,,,,,,,,5.112,,,,,,,,5.124,,,,,,,,5.14,,,,,,,,5.159,,,,,,,,5.168,,,,,,,,5.176,,,,,,,,5.202,,,,,,,,5.211,,,,,,,,5.22,,,,,,,,5.229,,,,,,5.235,,5.238,,5.249,,5.249,,5.253,,5.252,,5.253,,5.261,,5.27,,5.27,,5.269,,5.275,,5.278,,5.284,,5.28,,5.266,,5.279,,5.273,,5.269,,5.161,,5.161,,5.153,,5.138,,5.123,,4.679,,4.364,,4.6,,4.873,,4.639,,4.817,,3.352,,4.848,,3.376,,3.872,,3.393,,3.893,,3.414,,3.907,,3.43,,3.926,,3.448,,3.945,,3.463,,3.962,,3.481,,3.978,,3.499,,3.998,,3.511,,4.013,,3.526,,4.03,,3.53,,3.14,,3.541,,3.148,,3.55,,2.953,,3.268,,2.965,,3.286,,3.913,,4.176,,3.924,,4.184,,3.728,,3.526,,3.318,,2.851,,2.643,,3.319,,3.035,,3.132,,2.742
0.493,,4.638,,0.535,,,,0.492,,,,0.513,,4.678,,0.552,,,,0.589,,,,0.609,,4.691,,0.733,,,,0.797,,,,0.776,,4.741,,0.81,,,,0.847,,,,0.632,,4.766,,0.662,,,,0.667,,,,0.73,,4.786,,0.766,,,,0.8,,,,0.694,,4.813,,0.72,,,,0.752,,,,1.133,,4.838,,1.159,,,,1.158,,,,0.788,,4.861,,0.806,,,,0.823,,,,,,4.881,,,,,,,,,,,,4.911,,,,,,,,,,,,4.926,,,,,,,,,,,,4.943,,,,,,,,4.968,,,,,,,,4.981,,,,,,,,4.993,,,,,,,,5.008,,,,,,,,5.018,,,,,,,,5.033,,,,,,,,5.056,,,,,,,,5.066,,,,,,,,5.078,,,,,,,,5.081,,,,,,,,5.083,,,,,,,,5.103,,,,,,,,5.106,,,,,,,,5.113,,,,,,,,5.138,,,,,,5.143,,5.136,,5.141,,5.146,,5.146,,5.148,,5.148,,5.153,,5.161,,5.163,,5.163,,5.163,,5.166,,5.173,,5.166,,5.161,,5.161,,5.163,,5.153,,5.011,,5.013,,5.001,,5.001,,4.976,,4.618,,4.677,,5.058,,4.941,,4.592,,4.853,,2.651,,4.893,,2.678,,4.632,,2.7,,4.637,,2.725,,4.64,,2.748,,4.652,,2.771,,4.657,,2.792,,4.668,,2.811,,4.671,,2.83,,4.681,,2.848,,4.687,,2.865,,4.682,,2.874,,3.079,,2.89,,3.08,,2.901,,3.056,,3.63,,3.069,,3.643,,4.168,,3.717,,4.178,,3.724,,3.523,,3.309,,2.844,,2.654,,3.316,,3.032,,3.109,,2.744,,
0.418,,4.74,,0.446,,,,0.24,,,,0.563,,4.765,,0.605,,,,0.645,,,,0.584,,4.798,,0.697,,,,0.727,,,,0.542,,4.821,,0.572,,,,0.603,,,,0.621,,4.843,,0.659,,,,0.654,,,,0.609,,4.863,,0.641,,,,0.667,,,,1.037,,4.874,,1.071,,,,1.097,,,,0.734,,4.874,,0.751,,,,0.746,,,,,,4.894,,,,,,,,,,,,4.897,,,,,,,,,,,,4.934,,,,,,,,,,,,4.933,,,,,,,,,,,,4.944,,,,,,,,4.954,,,,,,,,4.961,,,,,,,,4.948,,,,,,,,4.964,,,,,,,,4.975,,,,,,,,4.978,,,,,,,,5.002,,,,,,,,5.007,,,,,,,,5.015,,,,,,,,5.02,,,,,,,,5.023,,,,,,,,5.034,,,,,,,,5.032,,,,,,,,5.036,,,,,,,,5.045,,,,,,5.035,,5.032,,5.033,,5.024,,5.023,,5.044,,5.044,,5.024,,5.019,,5.024,,5.033,,5.008,,5.011,,5.014,,5.011,,4.994,,4.992,,4.992,,4.983,,4.376,,4.376,,4.371,,4.366,,4.356,,5.062,,4.605,,5.302,,5.184,,5.004,,4.945,,2.712,,5.153,,2.732,,4.775,,2.755,,4.787,,2.779,,4.8,,2.798,,4.811,,2.818,,4.821,,2.838,,4.828,,2.861,,4.822,,2.882,,4.845,,2.892,,4.857,,2.911,,4.854,,2.912,,3.536,,2.928,,3.545,,2.943,,3.265,,3.893,,3.281,,3.907,,3.714,,3.513,,3.723,,3.521,,3.314,,2.841,,2.644,,3.307,,3.023,,3.108,,2.727,,,,
0.438,,4.156,,0.48,,,,,,,,0.534,,4.171,,0.575,,,,0.615,,,,0.433,,4.186,,0.478,,,,0.509,,,,0.512,,4.191,,0.546,,,,0.584,,,,0.522,,4.211,,0.551,,,,0.595,,,,0.935,,4.221,,0.971,,,,1.003,,,,0.678,,4.243,,0.696,,,,0.724,,,,,,4.248,,,,,,,,,,,,4.263,,,,,,,,,,,,4.281,,,,,,,,,,,,4.291,,,,,,,,,,,,4.303,,,,,,,,,,,,4.316,,,,,,,,4.323,,,,,,,,4.338,,,,,,,,4.346,,,,,,,,4.354,,,,,,,,4.359,,,,,,,,4.369,,,,,,,,4.356,,,,,,,,4.369,,,,,,,,4.376,,,,,,,,4.381,,,,,,,,4.381,,,,,,,,4.381,,,,,,,,4.384,,,,,,,,4.401,,,,,,,,4.406,,,,,,4.416,,4.416,,4.416,,4.416,,4.416,,4.416,,4.421,,4.414,,4.419,,4.416,,4.416,,4.416,,4.416,,4.406,,4.411,,4.391,,4.396,,4.396,,4.391,,4.692,,4.692,,4.687,,4.682,,4.677,,5.3,,5.06,,4.844,,4.926,,5.185,,5.153,,2.807,,4.913,,2.827,,4.585,,2.851,,4.604,,2.874,,4.618,,2.895,,4.635,,2.915,,4.651,,2.938,,4.664,,2.953,,4.681,,2.973,,4.697,,2.988,,4.706,,3.003,,4.72,,3.009,,2.883,,3.026,,2.896,,3.055,,3.632,,4.15,,3.636,,4.166,,3.507,,3.308,,3.516,,3.303,,2.837,,2.65,,3.292,,2.995,,3.111,,2.708,,,,,,
0.41,,4.528,,0.451,,,,,,,,0.35,,4.535,,0.383,,,,0.414,,,,0.415,,4.553,,0.437,,,,0.493,,,,0.437,,4.563,,0.464,,,,0.493,,,,0.832,,4.578,,0.867,,,,0.943,,,,0.622,,4.585,,0.642,,,,0.659,,,,,,4.608,,,,,,,,,,,,4.605,,,,,,,,,,,,4.618,,,,,,,,,,,,4.638,,,,,,,,,,,,4.645,,,,,,,,,,,,4.653,,,,,,,,,,,,4.668,,,,,,,,4.663,,,,,,,,4.678,,,,,,,,4.679,,,,,,,,4.689,,,,,,,,4.694,,,,,,,,4.694,,,,,,,,4.699,,,,,,,,4.712,,,,,,,,4.712,,,,,,,,4.714,,,,,,,,4.707,,,,,,,,4.709,,,,,,,,4.709,,,,,,,,4.734,,,,,,,,4.714,,,,,,4.724,,4.729,,4.732,,4.742,,4.742,,4.742,,4.747,,4.742,,4.744,,4.742,,4.739,,4.737,,4.737,,4.719,,4.724,,4.702,,4.707,,4.707,,4.702,,4.63,,4.625,,4.627,,4.624,,4.62,,4.859,,5.275,,4.882,,4.605,,4.798,,4.922,,2.979,,4.571,,3.015,,3.03,,3.042,,3.045,,3.068,,3.054,,3.095,,3.061,,3.12,,3.08,,3.145,,3.091,,3.166,,3.105,,3.185,,3.116,,3.205,,3.126,,3.216,,3.131,,3.227,,2.92,,3.245,,2.938,,3.258,,3.892,,3.702,,3.9,,3.708,,3.304,,2.807,,3.303,,2.823,,2.649,,3.294,,2.982,,3.08,,2.709,,,,,,,,
0.255,,4.553,,0.287,,,,,,,,0.288,,4.563,,0.326,,,,0.362,,,,0.358,,4.568,,0.378,,,,0.443,,,,0.733,,4.57,,0.764,,,,0.799,,,,0.566,,4.595,,0.585,,,,0.66,,,,,,4.595,,,,,,,,,,,,4.62,,,,,,,,,,,,4.605,,,,,,,,,,,,4.61,,,,,,,,,,,,4.62,,,,,,,,,,,,4.63,,,,,,,,,,,,4.635,,,,,,,,,,,,4.64,,,,,,,,4.64,,,,,,,,4.645,,,,,,,,4.643,,,,,,,,4.658,,,,,,,,4.66,,,,,,,,4.673,,,,,,,,4.67,,,,,,,,4.678,,,,,,,,4.685,,,,,,,,4.693,,,,,,,,4.695,,,,,,,,4.693,,,,,,,,4.69,,,,,,,,4.69,,,,,,,,4.685,,,,,,4.685,,4.685,,4.683,,4.685,,4.695,,4.68,,4.685,,4.68,,4.68,,4.68,,4.675,,4.68,,4.67,,4.67,,4.67,,4.658,,4.658,,4.648,,4.648,,5.095,,5.092,,5.08,,5.074,,5.083,,4.888,,4.845,,4.949,,4.557,,4.842,,4.593,,3.476,,4.545,,3.496,,2.925,,3.519,,2.944,,3.536,,2.961,,3.548,,2.975,,3.559,,2.99,,3.569,,3.01,,3.58,,3.028,,3.587,,3.043,,3.597,,3.059,,3.598,,3.069,,3.604,,3.017,,3.618,,3.039,,3.627,,4.146,,3.494,,4.159,,3.501,,2.79,,2.627,,2.812,,2.633,,3.284,,2.982,,3.076,,2.696,,,,,,,,,,
0.208,,5.005,,0.229,,,,,,,,0.277,,5.012,,0.299,,,,0.32,,,,0.595,,5.034,,0.673,,,,0.859,,,,0.514,,5.043,,0.53,,,,0.547,,,,,,5.056,,,,,,,,,,,,5.065,,,,,,,,,,,,5.073,,,,,,,,,,,,5.075,,,,,,,,,,,,5.081,,,,,,,,,,,,5.092,,,,,,,,,,,,5.092,,,,,,,,,,,,5.111,,,,,,,,,,,,5.11,,,,,,,,5.109,,,,,,,,5.127,,,,,,,,5.136,,,,,,,,5.15,,,,,,,,5.151,,,,,,,,5.144,,,,,,,,5.141,,,,,,,,5.159,,,,,,,,5.154,,,,,,,,5.149,,,,,,,,5.126,,,,,,,,5.128,,,,,,,,5.101,,,,,,,,5.145,,,,,,,,5.134,,,,,,5.139,,5.137,,5.14,,5.131,,5.133,,5.144,,5.144,,5.139,,5.139,,5.137,,5.118,,5.119,,5.113,,5.112,,5.111,,5.108,,5.111,,5.105,,5.095,,5.319,,5.316,,5.314,,5.313,,5.28,,4.95,,4.888,,5.205,,4.734,,4.915,,4.559,,3.639,,4.699,,3.67,,3.385,,3.694,,3.405,,3.711,,3.424,,3.733,,3.439,,3.753,,3.455,,3.777,,3.473,,3.794,,3.491,,3.811,,3.506,,3.828,,3.52,,3.84,,3.525,,3.853,,3.236,,3.87,,3.247,,3.888,,3.696,,3.287,,3.705,,3.296,,2.624,,3.265,,2.62,,3.274,,2.976,,3.079,,2.68,,,,,,,,,,,,
0.213,,5.261,,0.235,,,,,,,,0.572,,5.26,,0.598,,,,0.623,,,,0.429,,5.279,,0.478,,,,0.619,,,,,,5.26,,,,,,,,,,,,5.281,,,,,,,,,,,,5.282,,,,,,,,,,,,5.299,,,,,,,,,,,,5.311,,,,,,,,,,,,5.318,,,,,,,,,,,,5.321,,,,,,,,,,,,5.322,,,,,,,,,,,,5.358,,,,,,,,,,,,5.358,,,,,,,,5.356,,,,,,,,5.37,,,,,,,,5.388,,,,,,,,5.402,,,,,,,,5.407,,,,,,,,5.477,,,,,,,,5.445,,,,,,,,5.465,,,,,,,,5.404,,,,,,,,5.414,,,,,,,,5.446,,,,,,,,5.395,,,,,,,,5.4,,,,,,,,5.47,,,,,,,,5.405,,,,,,5.4,,5.395,,5.394,,5.392,,5.416,,5.424,,5.39,,5.388,,5.385,,5.377,,5.37,,5.392,,5.355,,5.389,,5.38,,5.369,,5.369,,5.334,,5.354,,4.846,,4.859,,4.863,,4.856,,4.844,,5.2,,4.96,,4.936,,4.598,,5.161,,4.732,,3.99,,4.562,,4.011,,2.687,,4.03,,2.713,,4.047,,2.736,,4.056,,2.76,,4.066,,2.779,,4.081,,2.801,,4.086,,2.822,,4.095,,2.844,,4.103,,2.86,,4.11,,2.866,,4.12,,3.612,,4.134,,3.618,,4.14,,3.489,,2.74,,3.498,,2.756,,3.261,,2.935,,3.266,,2.942,,3.084,,2.669,,,,,,,,,,,,,,
0.498,,4.721,,0.523,,,,,,,,0.408,,4.739,,0.426,,,,0.443,,,,,,4.747,,,,,,,,,,,,4.743,,,,,,,,,,,,4.771,,,,,,,,,,,,4.769,,,,,,,,,,,,4.791,,,,,,,,,,,,4.8,,,,,,,,,,,,4.805,,,,,,,,,,,,4.807,,,,,,,,,,,,4.807,,,,,,,,,,,,4.864,,,,,,,,,,,,4.87,,,,,,,,4.865,,,,,,,,4.886,,,,,,,,4.879,,,,,,,,4.901,,,,,,,,4.901,,,,,,,,4.917,,,,,,,,4.903,,,,,,,,4.918,,,,,,,,4.921,,,,,,,,4.919,,,,,,,,4.909,,,,,,,,4.909,,,,,,,,4.909,,,,,,,,4.92,,,,,,,,4.927,,,,,,4.918,,4.912,,4.913,,4.917,,4.919,,4.913,,4.919,,4.919,,4.919,,4.918,,4.918,,4.906,,4.895,,4.904,,4.891,,4.891,,4.889,,4.886,,4.881,,4.908,,4.913,,4.913,,4.903,,4.893,,4.942,,5.208,,4.598,,3.157,,4.913,,4.577,,3.522,,3.139,,3.546,,2.745,,3.569,,2.769,,3.584,,2.787,,3.601,,2.81,,3.617,,2.833,,3.628,,2.846,,3.64,,2.872,,3.654,,2.892,,3.663,,2.902,,3.669,,2.901,,3.676,,3.862,,3.684,,3.879,,3.691,,3.282,,2.595,,3.293,,2.619,,2.919,,3.074,,2.936,,3.064,,2.659,,,,,,,,,,,,,,,,
0.362,,4.762,,0.375,,,,,,,,,,4.79,,,,,,,,,,,,4.79,,,,,,,,,,,,4.785,,,,,,,,,,,,4.82,,,,,,,,,,,,4.823,,,,,,,,,,,,4.855,,,,,,,,,,,,4.848,,,,,,,,,,,,4.853,,,,,,,,,,,,4.862,,,,,,,,,,,,4.868,,,,,,,,,,,,4.918,,,,,,,,,,,,4.924,,,,,,,,4.925,,,,,,,,4.936,,,,,,,,4.943,,,,,,,,4.958,,,,,,,,4.968,,,,,,,,4.978,,,,,,,,4.978,,,,,,,,4.988,,,,,,,,4.993,,,,,,,,4.993,,,,,,,,4.99,,,,,,,,4.983,,,,,,,,4.993,,,,,,,,4.983,,,,,,,,5.009,,,,,,4.993,,4.983,,4.978,,4.983,,4.983,,4.983,,4.993,,4.983,,4.978,,4.973,,4.975,,4.968,,4.96,,4.968,,4.958,,4.943,,4.947,,4.948,,4.939,,4.985,,4.974,,4.978,,4.967,,4.958,,4.624,,4.952,,4.586,,3.872,,4.588,,3.132,,3.303,,3.88,,3.328,,2.839,,3.347,,2.864,,3.369,,2.885,,3.386,,2.904,,3.401,,2.927,,3.415,,2.944,,3.426,,2.964,,3.437,,2.983,,3.448,,2.995,,3.459,,3,,3.464,,4.127,,3.472,,4.135,,3.48,,2.727,,3.242,,2.752,,3.253,,3.069,,2.628,,3.07,,2.641,,,,,,,,,,,,,,,,,,
,,4.71,,,,,,,,,,,,4.735,,,,,,,,,,,,4.75,,,,,,,,,,,,4.748,,,,,,,,,,,,4.776,,,,,,,,,,,,4.786,,,,,,,,,,,,4.821,,,,,,,,,,,,4.823,,,,,,,,,,,,4.838,,,,,,,,,,,,4.843,,,,,,,,,,,,4.855,,,,,,,,,,,,4.907,,,,,,,,,,,,4.914,,,,,,,,4.912,,,,,,,,4.936,,,,,,,,4.936,,,,,,,,4.974,,,,,,,,4.985,,,,,,,,4.998,,,,,,,,5,,,,,,,,5.016,,,,,,,,5.019,,,,,,,,5.022,,,,,,,,5.02,,,,,,,,5.018,,,,,,,,5.019,,,,,,,,5.022,,,,,,,,5.016,,,,,,5.014,,5.019,,5.014,,5.031,,5.03,,5.029,,5.027,,5.029,,5.027,,5.023,,5.019,,5.014,,5.012,,5.017,,5.007,,4.999,,4.999,,5,,4.987,,5.239,,5.221,,5.237,,5.21,,5.171,,4.539,,4.627,,4.762,,4.593,,4.546,,3.88,,3.127,,4.592,,3.146,,3.03,,3.157,,3.06,,3.18,,3.078,,3.194,,3.11,,3.207,,3.129,,3.211,,3.157,,3.22,,3.176,,3.234,,3.198,,3.242,,3.213,,3.241,,3.22,,3.251,,3.681,,3.265,,3.686,,3.269,,2.585,,2.876,,2.606,,2.886,,2.624,,,,2.627,,,,,,,,,,,,,,,,,,,,
,,5.085,,,,,,,,,,,,5.089,,,,,,,,,,,,5.12,,,,,,,,,,,,5.129,,,,,,,,,,,,5.156,,,,,,,,,,,,5.147,,,,,,,,,,,,5.164,,,,,,,,,,,,5.186,,,,,,,,,,,,5.194,,,,,,,,,,,,5.188,,,,,,,,,,,,5.215,,,,,,,,,,,,5.214,,,,,,,,,,,,5.228,,,,,,,,5.236,,,,,,,,5.256,,,,,,,,5.265,,,,,,,,5.302,,,,,,,,5.301,,,,,,,,5.285,,,,,,,,5.295,,,,,,,,5.315,,,,,,,,5.309,,,,,,,,5.322,,,,,,,,5.317,,,,,,,,5.315,,,,,,,,5.305,,,,,,,,5.3,,,,,,,,5.308,,,,,,5.308,,5.293,,5.3,,5.309,,5.307,,5.31,,5.298,,5.311,,5.308,,5.305,,5.291,,5.277,,5.283,,5.28,,5.278,,5.274,,5.258,,5.26,,5.248,,4.983,,4.979,,4.966,,4.963,,4.956,,4.79,,4.601,,4.606,,4.33,,4.728,,4.604,,2.654,,4.307,,2.668,,3.508,,2.684,,3.53,,2.693,,3.543,,2.707,,3.557,,2.713,,3.568,,2.717,,3.579,,2.722,,3.588,,2.725,,3.593,,2.728,,3.602,,2.726,,3.601,,2.716,,3.466,,2.721,,3.478,,2.702,,3.227,,3.049,,3.25,,3.045,,,,,,,,,,,,,,,,,,,,,,,,,,
,,4.675,,,,,,,,,,,,4.648,,,,,,,,,,,,4.706,,,,,,,,,,,,4.718,,,,,,,,,,,,4.783,,,,,,,,,,,,4.791,,,,,,,,,,,,4.796,,,,,,,,,,,,4.836,,,,,,,,,,,,4.842,,,,,,,,,,,,4.854,,,,,,,,,,,,4.874,,,,,,,,,,,,4.913,,,,,,,,,,,,4.912,,,,,,,,4.911,,,,,,,,4.954,,,,,,,,4.97,,,,,,,,4.98,,,,,,,,4.995,,,,,,,,5.007,,,,,,,,5.015,,,,,,,,5.04,,,,,,,,5.035,,,,,,,,5.046,,,,,,,,5.045,,,,,,,,5.021,,,,,,,,5.028,,,,,,,,5.029,,,,,,,,5.012,,,,,,5.03,,5.045,,5.052,,5.05,,5.057,,5.062,,5.065,,5.064,,5.059,,5.048,,5.043,,5.032,,5.035,,5.035,,5.03,,5.018,,5.004,,4.99,,4.99,,4.658,,4.64,,4.645,,4.638,,4.627,,4.594,,4.77,,3.163,,4.937,,4.59,,4.316,,2.438,,4.927,,2.46,,3.68,,2.469,,3.704,,2.493,,3.723,,2.504,,3.746,,2.52,,3.766,,2.523,,3.784,,2.535,,3.802,,2.545,,3.818,,2.547,,3.838,,2.55,,3.846,,2.56,,3.255,,2.56,,3.269,,2.562,,2.853,,2.604,,2.884,,2.616,,,,,,,,,,,,,,,,,,,,,,,,,,
,,4.154,,,,,,,,,,,,4.154,,,,,,,,,,,,4.202,,,,,,,,,,,,4.222,,,,,,,,,,,,4.287,,,,,,,,,,,,4.292,,,,,,,,,,,,4.312,,,,,,,,,,,,4.367,,,,,,,,,,,,4.387,,,,,,,,,,,,4.397,,,,,,,,,,,,4.422,,,,,,,,,,,,4.474,,,,,,,,,,,,4.487,,,,,,,,4.504,,,,,,,,4.519,,,,,,,,4.56,,,,,,,,4.585,,,,,,,,4.6,,,,,,,,4.61,,,,,,,,4.628,,,,,,,,4.648,,,,,,,,4.655,,,,,,,,4.668,,,,,,,,4.683,,,,,,,,4.683,,,,,,,,4.683,,,,,,,,4.693,,,,,,,,4.683,,,,,,4.678,,4.675,,4.685,,4.705,,4.705,,4.708,,4.703,,4.718,,4.723,,4.713,,4.718,,4.693,,4.703,,4.703,,4.693,,4.685,,4.68,,4.678,,4.673,,4.623,,4.585,,4.616,,4.603,,4.588,,3.179,,4.607,,3.862,,4.946,,3.161,,4.937,,2.945,,4.96,,2.973,,4.021,,3.005,,4.036,,3.036,,4.049,,3.059,,4.065,,3.087,,4.071,,3.11,,4.087,,3.133,,4.091,,3.144,,4.1,,3.164,,4.103,,3.177,,4.116,,3.186,,2.716,,3.207,,2.722,,3.217,,3.041,,,,3.044,,,,,,,,,,,,,,,,,,,,,,,,,,,,
,,3.493,,,,,,,,,,,,3.511,,,,,,,,,,,,3.597,,,,,,,,,,,,3.723,,,,,,,,,,,,3.808,,,,,,,,,,,,3.815,,,,,,,,,,,,3.86,,,,,,,,,,,,3.876,,,,,,,,,,,,3.954,,,,,,,,,,,,3.978,,,,,,,,,,,,4.007,,,,,,,,,,,,4.115,,,,,,,,,,,,4.104,,,,,,,,4.18,,,,,,,,4.212,,,,,,,,4.27,,,,,,,,4.299,,,,,,,,4.295,,,,,,,,4.354,,,,,,,,4.362,,,,,,,,4.361,,,,,,,,4.391,,,,,,,,4.437,,,,,,,,4.485,,,,,,,,4.489,,,,,,,,4.504,,,,,,,,4.514,,,,,,,,4.512,,,,,,4.512,,4.497,,4.543,,4.55,,4.553,,4.562,,4.583,,4.578,,4.575,,4.603,,4.603,,4.618,,4.592,,4.597,,4.614,,4.612,,4.597,,4.593,,4.569,,4.823,,4.784,,4.812,,4.794,,4.794,,3.853,,3.164,,4.591,,4.092,,3.891,,4.952,,2.591,,4.103,,2.62,,3.555,,2.653,,3.575,,2.685,,3.593,,2.709,,3.609,,2.735,,3.624,,2.762,,3.634,,2.781,,3.645,,2.797,,3.658,,2.809,,3.665,,2.822,,3.672,,2.829,,2.556,,2.831,,2.572,,2.832,,2.593,,,,2.609,,,,,,,,,,,,,,,,,,,,,,,,,,,,
,,4.049,,,,,,,,,,,,4.079,,,,,,,,,,,,4.163,,,,,,,,,,,,4.241,,,,,,,,,,,,4.279,,,,,,,,,,,,4.313,,,,,,,,,,,,4.33,,,,,,,,,,,,4.292,,,,,,,,,,,,4.309,,,,,,,,,,,,4.418,,,,,,,,,,,,4.458,,,,,,,,,,,,4.492,,,,,,,,,,,,4.507,,,,,,,,4.542,,,,,,,,4.561,,,,,,,,4.613,,,,,,,,4.618,,,,,,,,4.632,,,,,,,,4.654,,,,,,,,4.661,,,,,,,,4.676,,,,,,,,4.693,,,,,,,,4.698,,,,,,,,4.714,,,,,,,,4.718,,,,,,,,4.705,,,,,,,,4.754,,,,,,,,4.745,,,,,,4.748,,4.74,,4.757,,4.762,,4.759,,4.759,,4.765,,4.764,,4.776,,4.803,,4.811,,4.82,,4.826,,4.82,,4.823,,4.825,,4.818,,4.827,,4.802,,4.633,,4.634,,4.63,,4.615,,4.623,,4.6,,3.879,,4.327,,3.796,,4.609,,4.096,,2.8,,3.85,,2.834,,3.335,,2.855,,3.359,,2.889,,3.381,,2.911,,3.394,,2.928,,3.408,,2.965,,3.42,,2.983,,3.436,,2.996,,3.443,,3.004,,3.452,,3.019,,3.458,,3.02,,3.193,,3.027,,3.219,,3.036,,,,,,,,,,,,,,,,,,,,,,,,,,,,,,,,,,
,,3.89,,,,,,,,,,,,3.91,,,,,,,,,,,,4.038,,,,,,,,,,,,4.096,,,,,,,,,,,,4.135,,,,,,,,,,,,4.188,,,,,,,,,,,,4.176,,,,,,,,,,,,4.194,,,,,,,,,,,,4.199,,,,,,,,,,,,4.257,,,,,,,,,,,,4.319,,,,,,,,,,,,4.382,,,,,,,,,,,,4.393,,,,,,,,4.451,,,,,,,,4.477,,,,,,,,4.516,,,,,,,,4.547,,,,,,,,4.578,,,,,,,,4.589,,,,,,,,4.599,,,,,,,,4.615,,,,,,,,4.626,,,,,,,,4.633,,,,,,,,4.647,,,,,,,,4.653,,,,,,,,4.668,,,,,,,,4.67,,,,,,,,4.676,,,,,,4.683,,4.664,,4.67,,4.666,,4.66,,4.649,,4.641,,4.517,,4.675,,4.689,,4.69,,4.706,,4.695,,4.702,,4.694,,4.67,,4.663,,4.673,,4.655,,3.224,,3.229,,3.247,,3.219,,3.167,,4.334,,4.61,,4.942,,4.601,,4.322,,3.818,,2.246,,4.62,,2.282,,3.155,,2.305,,3.165,,2.348,,3.181,,2.385,,3.194,,2.398,,3.207,,2.439,,3.217,,2.445,,3.223,,2.489,,3.237,,2.504,,3.237,,2.515,,3.243,,2.521,,2.826,,2.54,,2.838,,2.573,,,,,,,,,,,,,,,,,,,,,,,,,,,,,,,,,,
,,2.683,,,,,,,,,,,,2.823,,,,,,,,,,,,2.897,,,,,,,,,,,,2.795,,,,,,,,,,,,2.851,,,,,,,,,,,,2.893,,,,,,,,,,,,2.935,,,,,,,,,,,,2.983,,,,,,,,,,,,2.812,,,,,,,,,,,,3.048,,,,,,,,,,,,2.977,,,,,,,,,,,,3.037,,,,,,,,,,,,3.135,,,,,,,,3.195,,,,,,,,3.325,,,,,,,,3.365,,,,,,,,3.337,,,,,,,,3.344,,,,,,,,3.375,,,,,,,,3.374,,,,,,,,3.409,,,,,,,,3.399,,,,,,,,3.409,,,,,,,,3.379,,,,,,,,3.395,,,,,,,,3.414,,,,,,,,3.457,,,,,,,,3.467,,,,,,3.514,,3.472,,3.467,,3.372,,3.367,,3.294,,3.115,,3.154,,3.165,,3.122,,3.129,,3.157,,3.172,,3.142,,3.153,,3.184,,3.22,,3.252,,3.239,,3.874,,3.854,,3.879,,3.873,,3.862,,4.935,,4.332,,4.941,,4.732,,4.94,,4.607,,,,4.752,,,,2.677,,,,2.686,,,,2.701,,,,2.715,,,,2.716,,,,2.721,,,,2.726,,,,2.727,,,,2.72,,,,2.712,,,,3.02,,,,3.036,,,,,,,,,,,,,,,,,,,,,,,,,,,,,,,,,,,,
,,2.599,,,,,,,,,,,,2.777,,,,,,,,,,,,2.771,,,,,,,,,,,,2.883,,,,,,,,,,,,2.917,,,,,,,,,,,,2.972,,,,,,,,,,,,3.04,,,,,,,,,,,,3.062,,,,,,,,,,,,3.078,,,,,,,,,,,,3.163,,,,,,,,,,,,3.144,,,,,,,,,,,,3.153,,,,,,,,,,,,3.231,,,,,,,,3.286,,,,,,,,3.334,,,,,,,,3.403,,,,,,,,3.464,,,,,,,,3.542,,,,,,,,3.573,,,,,,,,3.59,,,,,,,,3.603,,,,,,,,3.629,,,,,,,,3.643,,,,,,,,3.686,,,,,,,,3.691,,,,,,,,3.705,,,,,,,,3.709,,,,,,,,3.718,,,,,,3.751,,3.741,,3.771,,3.775,,3.786,,3.801,,3.827,,3.856,,3.861,,3.82,,3.82,,3.816,,3.806,,3.832,,3.836,,3.852,,3.839,,3.852,,3.873,,4.626,,4.617,,4.617,,4.614,,4.604,,4.934,,4.95,,4.089,,4.54,,4.953,,4.746,,,,4.57,,,,2.471,,,,2.479,,,,2.493,,,,2.507,,,,2.518,,,,2.535,,,,2.541,,,,2.546,,,,2.541,,,,2.538,,,,2.543,,,,2.554,,,,,,,,,,,,,,,,,,,,,,,,,,,,,,,,,,,,
,,3.407,,,,,,,,,,,,3.54,,,,,,,,,,,,3.564,,,,,,,,,,,,3.681,,,,,,,,,,,,3.669,,,,,,,,,,,,3.787,,,,,,,,,,,,3.859,,,,,,,,,,,,3.867,,,,,,,,,,,,3.805,,,,,,,,,,,,3.906,,,,,,,,,,,,3.881,,,,,,,,,,,,3.914,,,,,,,,,,,,4.03,,,,,,,,4.029,,,,,,,,4.1,,,,,,,,4.179,,,,,,,,4.293,,,,,,,,4.326,,,,,,,,4.381,,,,,,,,4.403,,,,,,,,4.444,,,,,,,,4.464,,,,,,,,4.494,,,,,,,,4.504,,,,,,,,4.514,,,,,,,,4.535,,,,,,,,4.54,,,,,,,,4.522,,,,,,4.54,,4.54,,4.594,,4.615,,4.617,,4.629,,4.641,,4.667,,4.658,,4.67,,4.665,,4.675,,4.674,,4.66,,4.649,,4.648,,4.627,,4.635,,4.618,,4.344,,4.339,,4.334,,4.336,,4.337,,4.084,,4.94,,3.782,,2.994,,4.095,,4.559,,,,3.019,,,,2.989,,,,3.018,,,,3.046,,,,3.073,,,,3.1,,,,3.125,,,,3.141,,,,3.155,,,,3.164,,,,3.161,,,,,,,,,,,,,,,,,,,,,,,,,,,,,,,,,,,,,,,,,,,,
,,3.083,,,,,,,,,,,,3.188,,,,,,,,,,,,3.241,,,,,,,,,,,,3.314,,,,,,,,,,,,3.33,,,,,,,,,,,,3.411,,,,,,,,,,,,3.49,,,,,,,,,,,,3.548,,,,,,,,,,,,3.478,,,,,,,,,,,,3.607,,,,,,,,,,,,3.606,,,,,,,,,,,,3.59,,,,,,,,,,,,3.717,,,,,,,,3.713,,,,,,,,3.752,,,,,,,,3.781,,,,,,,,3.851,,,,,,,,3.895,,,,,,,,3.921,,,,,,,,3.944,,,,,,,,4.003,,,,,,,,4.032,,,,,,,,4.084,,,,,,,,4.127,,,,,,,,4.132,,,,,,,,4.158,,,,,,,,4.184,,,,,,,,4.18,,,,,,4.202,,4.194,,4.254,,4.276,,4.289,,4.307,,4.321,,4.328,,4.337,,4.352,,4.363,,4.36,,4.369,,4.365,,4.365,,4.365,,4.354,,4.344,,4.335,,4.98,,4.975,,4.967,,4.95,,4.952,,3.756,,4.085,,4.594,,2.883,,3.809,,2.998,,,,2.907,,,,2.638,,,,2.663,,,,2.694,,,,2.716,,,,2.742,,,,2.767,,,,2.783,,,,2.799,,,,2.802,,,,2.805,,,,,,,,,,,,,,,,,,,,,,,,,,,,,,,,,,,,,,,,,,,,
,,3.366,,,,,,,,,,,,3.434,,,,,,,,,,,,3.524,,,,,,,,,,,,3.586,,,,,,,,,,,,3.606,,,,,,,,,,,,3.739,,,,,,,,,,,,3.824,,,,,,,,,,,,3.864,,,,,,,,,,,,3.866,,,,,,,,,,,,4.024,,,,,,,,,,,,4.004,,,,,,,,,,,,4.046,,,,,,,,,,,,4.161,,,,,,,,4.169,,,,,,,,4.194,,,,,,,,4.216,,,,,,,,4.289,,,,,,,,4.311,,,,,,,,4.349,,,,,,,,4.359,,,,,,,,4.434,,,,,,,,4.456,,,,,,,,4.509,,,,,,,,4.56,,,,,,,,4.587,,,,,,,,4.62,,,,,,,,4.66,,,,,,,,4.685,,,,,,4.725,,4.74,,4.792,,4.797,,4.82,,4.847,,4.86,,4.895,,4.91,,4.947,,4.965,,4.972,,4.995,,4.967,,4.965,,4.967,,4.967,,4.952,,4.957,,4.925,,4.925,,4.934,,4.936,,4.939,,4.574,,3.769,,4.716,,3.329,,4.605,,2.893,,,,3.365,,,,2.847,,,,2.868,,,,2.897,,,,2.91,,,,2.935,,,,2.968,,,,2.988,,,,3.005,,,,2.998,,,,3.012,,,,,,,,,,,,,,,,,,,,,,,,,,,,,,,,,,,,,,,,,,,,
,,3.107,,,,,,,,,,,,3.243,,,,,,,,,,,,3.3,,,,,,,,,,,,3.406,,,,,,,,,,,,3.453,,,,,,,,,,,,3.551,,,,,,,,,,,,3.63,,,,,,,,,,,,3.712,,,,,,,,,,,,3.751,,,,,,,,,,,,3.84,,,,,,,,,,,,3.892,,,,,,,,,,,,3.967,,,,,,,,,,,,4.04,,,,,,,,4.097,,,,,,,,4.122,,,,,,,,4.196,,,,,,,,4.256,,,,,,,,4.291,,,,,,,,4.317,,,,,,,,4.344,,,,,,,,4.392,,,,,,,,4.449,,,,,,,,4.488,,,,,,,,4.497,,,,,,,,4.518,,,,,,,,4.546,,,,,,,,4.579,,,,,,,,4.601,,,,,,4.622,,4.649,,4.68,,4.703,,4.728,,4.756,,4.781,,4.803,,4.822,,4.831,,4.839,,4.849,,4.861,,4.868,,4.881,,4.891,,4.899,,4.909,,4.919,,4.038,,4.044,,4.054,,4.066,,4.072,,4.706,,4.583,,4.526,,2.626,,4.736,,3.345,,,,2.665,,,,2.298,,,,2.304,,,,2.355,,,,2.387,,,,2.415,,,,2.448,,,,2.476,,,,2.492,,,,2.501,,,,2.516,,,,,,,,,,,,,,,,,,,,,,,,,,,,,,,,,,,,,,,,,,,,
,,2.21,,,,,,,,,,,,2.326,,,,,,,,,,,,2.411,,,,,,,,,,,,2.465,,,,,,,,,,,,2.492,,,,,,,,,,,,2.577,,,,,,,,,,,,2.637,,,,,,,,,,,,2.659,,,,,,,,,,,,2.663,,,,,,,,,,,,2.768,,,,,,,,,,,,2.83,,,,,,,,,,,,2.95,,,,,,,,,,,,3.034,,,,,,,,3.087,,,,,,,,3.135,,,,,,,,3.219,,,,,,,,3.29,,,,,,,,3.349,,,,,,,,3.387,,,,,,,,3.422,,,,,,,,3.477,,,,,,,,3.521,,,,,,,,3.571,,,,,,,,3.596,,,,,,,,3.623,,,,,,,,3.643,,,,,,,,3.693,,,,,,,,3.731,,,,,,3.758,,3.787,,3.796,,3.822,,3.842,,3.862,,3.885,,3.92,,3.924,,3.939,,3.951,,3.957,,3.965,,3.966,,3.977,,3.993,,4.004,,4.022,,4.028,,3.681,,3.694,,3.716,,3.724,,3.742,,4.503,,4.71,,2.984,,2.68,,4.552,,2.641,,,,2.721,,,,,,,,,,,,,,,,,,,,,,,,,,,,,,,,,,,,,,,,,,,,,,,,,,,,,,,,,,,,,,,,,,,,,,,,,,,,,,,,,,,,
,,1.592,,,,,,,,,,,,1.715,,,,,,,,,,,,1.81,,,,,,,,,,,,1.881,,,,,,,,,,,,1.925,,,,,,,,,,,,2.011,,,,,,,,,,,,2.082,,,,,,,,,,,,2.125,,,,,,,,,,,,2.165,,,,,,,,,,,,2.246,,,,,,,,,,,,2.298,,,,,,,,,,,,2.432,,,,,,,,,,,,2.491,,,,,,,,2.611,,,,,,,,2.645,,,,,,,,2.724,,,,,,,,2.789,,,,,,,,2.826,,,,,,,,2.859,,,,,,,,2.885,,,,,,,,2.928,,,,,,,,2.998,,,,,,,,3.04,,,,,,,,3.074,,,,,,,,3.105,,,,,,,,3.134,,,,,,,,3.186,,,,,,,,3.228,,,,,,3.257,,3.282,,3.309,,3.336,,3.359,,3.388,,3.416,,3.437,,3.463,,3.484,,3.505,,3.53,,3.54,,3.556,,3.572,,3.588,,3.612,,3.627,,3.661,,4.543,,4.553,,4.562,,4.567,,4.574,,2.967,,4.514,,2.875,,2.77,,2.996,,2.702,,,,2.814,,,,,,,,,,,,,,,,,,,,,,,,,,,,,,,,,,,,,,,,,,,,,,,,,,,,,,,,,,,,,,,,,,,,,,,,,,,,,,,,,,,,
,,2.241,,,,,,,,,,,,2.39,,,,,,,,,,,,2.459,,,,,,,,,,,,2.563,,,,,,,,,,,,2.635,,,,,,,,,,,,2.709,,,,,,,,,,,,2.776,,,,,,,,,,,,2.842,,,,,,,,,,,,2.901,,,,,,,,,,,,2.945,,,,,,,,,,,,2.996,,,,,,,,,,,,3.101,,,,,,,,,,,,3.168,,,,,,,,3.232,,,,,,,,3.305,,,,,,,,3.395,,,,,,,,3.486,,,,,,,,3.533,,,,,,,,3.587,,,,,,,,3.633,,,,,,,,3.701,,,,,,,,3.744,,,,,,,,3.809,,,,,,,,3.86,,,,,,,,3.925,,,,,,,,3.952,,,,,,,,3.975,,,,,,,,4.032,,,,,,4.058,,4.102,,4.117,,4.14,,4.173,,4.209,,4.236,,4.276,,4.309,,4.322,,4.358,,4.394,,4.424,,4.44,,4.478,,4.491,,4.499,,4.518,,4.521,,4.647,,4.664,,4.675,,4.687,,4.685,,2.858,,2.974,,3.32,,2.928,,2.886,,2.797,,,,2.996,,,,,,,,,,,,,,,,,,,,,,,,,,,,,,,,,,,,,,,,,,,,,,,,,,,,,,,,,,,,,,,,,,,,,,,,,,,,,,,,,,,,
,,2.416,,,,,,,,,,,,2.537,,,,,,,,,,,,2.634,,,,,,,,,,,,2.718,,,,,,,,,,,,2.795,,,,,,,,,,,,2.884,,,,,,,,,,,,2.935,,,,,,,,,,,,3.018,,,,,,,,,,,,3.084,,,,,,,,,,,,3.146,,,,,,,,,,,,3.201,,,,,,,,,,,,3.269,,,,,,,,,,,,3.314,,,,,,,,3.37,,,,,,,,3.435,,,,,,,,3.502,,,,,,,,3.581,,,,,,,,3.643,,,,,,,,3.684,,,,,,,,3.733,,,,,,,,3.812,,,,,,,,3.861,,,,,,,,3.92,,,,,,,,3.964,,,,,,,,4.007,,,,,,,,4.048,,,,,,,,4.094,,,,,,,,4.132,,,,,,4.165,,4.196,,4.235,,4.266,,4.293,,4.33,,4.364,,4.398,,4.431,,4.455,,4.482,,4.511,,4.534,,4.545,,4.568,,4.585,,4.603,,4.616,,4.637,,4.438,,4.449,,4.46,,4.48,,4.491,,3.299,,2.865,,2.617,,3.437,,3.336,,2.957,,,,3.485,,,,,,,,,,,,,,,,,,,,,,,,,,,,,,,,,,,,,,,,,,,,,,,,,,,,,,,,,,,,,,,,,,,,,,,,,,,,,,,,,,,,
,,1.78,,,,,,,,,,,,1.895,,,,,,,,,,,,1.999,,,,,,,,,,,,2.132,,,,,,,,,,,,2.235,,,,,,,,,,,,2.317,,,,,,,,,,,,2.4,,,,,,,,,,,,2.497,,,,,,,,,,,,2.568,,,,,,,,,,,,2.659,,,,,,,,,,,,2.743,,,,,,,,,,,,2.822,,,,,,,,,,,,2.894,,,,,,,,2.962,,,,,,,,3.044,,,,,,,,3.15,,,,,,,,3.246,,,,,,,,3.317,,,,,,,,3.37,,,,,,,,3.434,,,,,,,,3.497,,,,,,,,3.561,,,,,,,,3.609,,,,,,,,3.668,,,,,,,,3.715,,,,,,,,3.763,,,,,,,,3.805,,,,,,,,3.858,,,,,,3.899,,3.939,,3.977,,4.02,,4.057,,4.094,,4.13,,4.165,,4.198,,4.225,,4.259,,4.286,,4.301,,4.327,,4.348,,4.367,,4.386,,4.407,,4.428,,2.905,,2.919,,2.924,,2.936,,2.95,,2.598,,3.311,,2.664,,3.591,,2.631,,3.463,,,,3.656,,,,,,,,,,,,,,,,,,,,,,,,,,,,,,,,,,,,,,,,,,,,,,,,,,,,,,,,,,,,,,,,,,,,,,,,,,,,,,,,,,,,
,,0.9,,,,,,,,,,,,0.982,,,,,,,,,,,,1.06,,,,,,,,,,,,1.126,,,,,,,,,,,,1.184,,,,,,,,,,,,1.248,,,,,,,,,,,,1.302,,,,,,,,,,,,1.376,,,,,,,,,,,,1.437,,,,,,,,,,,,1.476,,,,,,,,,,,,1.544,,,,,,,,,,,,1.601,,,,,,,,,,,,1.645,,,,,,,,1.709,,,,,,,,1.751,,,,,,,,1.798,,,,,,,,1.886,,,,,,,,1.943,,,,,,,,1.973,,,,,,,,2.012,,,,,,,,2.061,,,,,,,,2.105,,,,,,,,2.153,,,,,,,,2.199,,,,,,,,2.245,,,,,,,,2.287,,,,,,,,2.327,,,,,,,,2.372,,,,,,2.416,,2.459,,2.491,,2.523,,2.553,,2.589,,2.614,,2.645,,2.677,,2.705,,2.736,,2.753,,2.775,,2.808,,2.824,,2.839,,2.853,,2.875,,2.89,,2.815,,2.824,,2.831,,2.842,,2.852,,2.637,,2.608,,2.755,,3.948,,2.691,,3.623,,,,4.001,,,,,,,,,,,,,,,,,,,,,,,,,,,,,,,,,,,,,,,,,,,,,,,,,,,,,,,,,,,,,,,,,,,,,,,,,,,,,,,,,,,,
,,0.749,,,,,,,,,,,,0.829,,,,,,,,,,,,0.904,,,,,,,,,,,,0.964,,,,,,,,,,,,1.031,,,,,,,,,,,,1.094,,,,,,,,,,,,1.158,,,,,,,,,,,,1.215,,,,,,,,,,,,1.277,,,,,,,,,,,,1.331,,,,,,,,,,,,1.394,,,,,,,,,,,,1.463,,,,,,,,,,,,1.518,,,,,,,,1.578,,,,,,,,1.623,,,,,,,,1.68,,,,,,,,1.775,,,,,,,,1.811,,,,,,,,1.866,,,,,,,,1.905,,,,,,,,1.972,,,,,,,,2.001,,,,,,,,2.057,,,,,,,,2.106,,,,,,,,2.15,,,,,,,,2.197,,,,,,,,2.241,,,,,,,,2.29,,,,,,2.332,,2.372,,2.404,,2.436,,2.468,,2.504,,2.53,,2.561,,2.591,,2.613,,2.642,,2.668,,2.691,,2.707,,2.728,,2.747,,2.764,,2.785,,2.8,,3.253,,3.264,,3.276,,3.284,,3.288,,2.731,,2.654,,2.909,,3.482,,2.781,,3.977,,,,3.536,,,,,,,,,,,,,,,,,,,,,,,,,,,,,,,,,,,,,,,,,,,,,,,,,,,,,,,,,,,,,,,,,,,,,,,,,,,,,,,,,,,,
,,0.887,,,,,,,,,,,,0.957,,,,,,,,,,,,1.03,,,,,,,,,,,,1.09,,,,,,,,,,,,1.157,,,,,,,,,,,,1.22,,,,,,,,,,,,1.295,,,,,,,,,,,,1.377,,,,,,,,,,,,1.435,,,,,,,,,,,,1.505,,,,,,,,,,,,1.57,,,,,,,,,,,,1.664,,,,,,,,,,,,1.733,,,,,,,,1.797,,,,,,,,1.866,,,,,,,,1.941,,,,,,,,2.006,,,,,,,,2.052,,,,,,,,2.115,,,,,,,,2.179,,,,,,,,2.23,,,,,,,,2.279,,,,,,,,2.326,,,,,,,,2.375,,,,,,,,2.429,,,,,,,,2.485,,,,,,,,2.53,,,,,,,,2.584,,,,,,2.633,,2.683,,2.727,,2.77,,2.811,,2.853,,2.894,,2.938,,2.972,,3.006,,3.038,,3.076,,3.102,,3.131,,3.161,,3.186,,3.204,,3.223,,3.24,,2.538,,2.547,,2.56,,2.576,,2.588,,2.876,,2.742,,3.424,,3.264,,2.941,,3.507,,,,3.31,,,,,,,,,,,,,,,,,,,,,,,,,,,,,,,,,,,,,,,,,,,,,,,,,,,,,,,,,,,,,,,,,,,,,,,,,,,,,,,,,,,,
,,0.627,,,,,,,,,,,,0.664,,,,,,,,,,,,0.714,,,,,,,,,,,,0.741,,,,,,,,,,,,0.781,,,,,,,,,,,,0.83,,,,,,,,,,,,0.864,,,,,,,,,,,,0.901,,,,,,,,,,,,0.971,,,,,,,,,,,,0.992,,,,,,,,,,,,1.029,,,,,,,,,,,,1.093,,,,,,,,,,,,1.139,,,,,,,,1.181,,,,,,,,1.254,,,,,,,,1.314,,,,,,,,1.367,,,,,,,,1.416,,,,,,,,1.469,,,,,,,,1.539,,,,,,,,1.595,,,,,,,,1.642,,,,,,,,1.688,,,,,,,,1.733,,,,,,,,1.777,,,,,,,,1.819,,,,,,,,1.865,,,,,,,,1.916,,,,,,1.96,,2.005,,2.045,,2.086,,2.122,,2.161,,2.2,,2.235,,2.274,,2.307,,2.336,,2.364,,2.389,,2.415,,2.444,,2.466,,2.484,,2.505,,2.524,,2.549,,2.567,,2.586,,2.606,,2.623,,3.401,,2.891,,3.575,,3.097,,3.448,,3.29,,,,3.132,,,,,,,,,,,,,,,,,,,,,,,,,,,,,,,,,,,,,,,,,,,,,,,,,,,,,,,,,,,,,,,,,,,,,,,,,,,,,,,,,,,,
,,0.406,,,,,,,,,,,,0.453,,,,,,,,,,,,0.516,,,,,,,,,,,,0.56,,,,,,,,,,,,0.595,,,,,,,,,,,,0.661,,,,,,,,,,,,0.708,,,,,,,,,,,,0.766,,,,,,,,,,,,0.815,,,,,,,,,,,,0.865,,,,,,,,,,,,0.916,,,,,,,,,,,,0.958,,,,,,,,,,,,1.009,,,,,,,,1.067,,,,,,,,1.129,,,,,,,,1.195,,,,,,,,1.256,,,,,,,,1.309,,,,,,,,1.342,,,,,,,,1.421,,,,,,,,1.49,,,,,,,,1.537,,,,,,,,1.586,,,,,,,,1.64,,,,,,,,1.69,,,,,,,,1.745,,,,,,,,1.799,,,,,,,,1.859,,,,,,1.901,,1.95,,1.994,,2.041,,2.085,,2.128,,2.164,,2.206,,2.244,,2.278,,2.312,,2.346,,2.374,,2.403,,2.431,,2.464,,2.483,,2.508,,2.53,,2.639,,2.658,,2.674,,2.695,,2.718,,3.539,,3.411,,3.935,,2.631,,3.61,,3.12,,,,2.664,,,,,,,,,,,,,,,,,,,,,,,,,,,,,,,,,,,,,,,,,,,,,,,,,,,,,,,,,,,,,,,,,,,,,,,,,,,,,,,,,,,,
,,0.447,,,,,,,,,,,,0.489,,,,,,,,,,,,0.534,,,,,,,,,,,,0.594,,,,,,,,,,,,0.641,,,,,,,,,,,,0.699,,,,,,,,,,,,0.746,,,,,,,,,,,,0.802,,,,,,,,,,,,0.85,,,,,,,,,,,,0.904,,,,,,,,,,,,0.939,,,,,,,,,,,,1.012,,,,,,,,,,,,1.069,,,,,,,,1.131,,,,,,,,1.196,,,,,,,,1.255,,,,,,,,1.313,,,,,,,,1.367,,,,,,,,1.405,,,,,,,,1.494,,,,,,,,1.555,,,,,,,,1.605,,,,,,,,1.664,,,,,,,,1.716,,,,,,,,1.767,,,,,,,,1.816,,,,,,,,1.875,,,,,,,,1.926,,,,,,1.974,,2.024,,2.065,,2.108,,2.146,,2.188,,2.233,,2.271,,2.309,,2.34,,2.378,,2.411,,2.444,,2.48,,2.511,,2.541,,2.564,,2.592,,2.618,,2.759,,2.785,,2.805,,2.831,,2.858,,3.904,,3.557,,3.468,,2.413,,3.965,,2.644,,,,2.44,,,,,,,,,,,,,,,,,,,,,,,,,,,,,,,,,,,,,,,,,,,,,,,,,,,,,,,,,,,,,,,,,,,,,,,,,,,,,,,,,,,,
,,0.406,,,,,,,,,,,,0.456,,,,,,,,,,,,0.515,,,,,,,,,,,,0.557,,,,,,,,,,,,0.604,,,,,,,,,,,,0.653,,,,,,,,,,,,0.704,,,,,,,,,,,,0.759,,,,,,,,,,,,0.82,,,,,,,,,,,,0.863,,,,,,,,,,,,0.917,,,,,,,,,,,,0.98,,,,,,,,,,,,1.039,,,,,,,,1.099,,,,,,,,1.167,,,,,,,,1.233,,,,,,,,1.303,,,,,,,,1.37,,,,,,,,1.431,,,,,,,,1.52,,,,,,,,1.571,,,,,,,,1.636,,,,,,,,1.708,,,,,,,,1.77,,,,,,,,1.824,,,,,,,,1.881,,,,,,,,1.927,,,,,,,,1.982,,,,,,2.038,,2.084,,2.133,,2.181,,2.232,,2.272,,2.319,,2.354,,2.388,,2.433,,2.468,,2.509,,2.545,,2.579,,2.613,,2.647,,2.677,,2.706,,2.732,,3.309,,3.326,,3.346,,3.366,,3.386,,3.439,,3.922,,3.247,,2.91,,3.494,,2.434,,,,2.952,,,,,,,,,,,,,,,,,,,,,,,,,,,,,,,,,,,,,,,,,,,,,,,,,,,,,,,,,,,,,,,,,,,,,,,,,,,,,,,,,,,,
,,0.643,,,,,,,,,,,,0.74,,,,,,,,,,,,0.841,,,,,,,,,,,,0.929,,,,,,,,,,,,1.051,,,,,,,,,,,,1.124,,,,,,,,,,,,1.223,,,,,,,,,,,,1.324,,,,,,,,,,,,1.426,,,,,,,,,,,,1.482,,,,,,,,,,,,1.541,,,,,,,,,,,,1.618,,,,,,,,,,,,1.708,,,,,,,,1.77,,,,,,,,1.835,,,,,,,,1.909,,,,,,,,1.98,,,,,,,,2.043,,,,,,,,2.095,,,,,,,,2.18,,,,,,,,2.235,,,,,,,,2.303,,,,,,,,2.361,,,,,,,,2.405,,,,,,,,2.451,,,,,,,,2.504,,,,,,,,2.548,,,,,,,,2.605,,,,,,2.646,,2.695,,2.739,,2.786,,2.832,,2.874,,2.913,,2.95,,2.984,,3.017,,3.053,,3.085,,3.115,,3.151,,3.181,,3.204,,3.24,,3.261,,3.284,,3.439,,3.464,,3.48,,3.499,,3.526,,3.22,,3.455,,3.087,,2.548,,3.281,,2.939,,,,2.6,,,,,,,,,,,,,,,,,,,,,,,,,,,,,,,,,,,,,,,,,,,,,,,,,,,,,,,,,,,,,,,,,,,,,,,,,,,,,,,,,,,,
,,0.487,,,,,,,,,,,,0.605,,,,,,,,,,,,0.723,,,,,,,,,,,,0.82,,,,,,,,,,,,0.94,,,,,,,,,,,,1.018,,,,,,,,,,,,1.119,,,,,,,,,,,,1.224,,,,,,,,,,,,1.294,,,,,,,,,,,,1.385,,,,,,,,,,,,1.455,,,,,,,,,,,,1.542,,,,,,,,,,,,1.646,,,,,,,,1.73,,,,,,,,1.819,,,,,,,,1.89,,,,,,,,1.964,,,,,,,,2.032,,,,,,,,2.115,,,,,,,,2.191,,,,,,,,2.274,,,,,,,,2.343,,,,,,,,2.424,,,,,,,,2.491,,,,,,,,2.545,,,,,,,,2.599,,,,,,,,2.652,,,,,,,,2.715,,,,,,2.762,,2.807,,2.854,,2.899,,2.943,,2.989,,3.036,,3.088,,3.122,,3.157,,3.194,,3.221,,3.247,,3.28,,3.309,,3.34,,3.368,,3.392,,3.416,,3.817,,3.835,,3.851,,3.87,,3.887,,3.066,,3.237,,2.621,,2.772,,3.108,,2.575,,,,2.808,,,,,,,,,,,,,,,,,,,,,,,,,,,,,,,,,,,,,,,,,,,,,,,,,,,,,,,,,,,,,,,,,,,,,,,,,,,,,,,,,,,,
,,0.537,,,,,,,,,,,,0.627,,,,,,,,,,,,0.748,,,,,,,,,,,,0.911,,,,,,,,,,,,1.055,,,,,,,,,,,,1.161,,,,,,,,,,,,1.292,,,,,,,,,,,,1.422,,,,,,,,,,,,1.547,,,,,,,,,,,,1.667,,,,,,,,,,,,1.776,,,,,,,,,,,,1.841,,,,,,,,,,,,1.946,,,,,,,,2.063,,,,,,,,2.16,,,,,,,,2.245,,,,,,,,2.325,,,,,,,,2.422,,,,,,,,2.489,,,,,,,,2.609,,,,,,,,2.681,,,,,,,,2.756,,,,,,,,2.812,,,,,,,,2.879,,,,,,,,2.936,,,,,,,,2.989,,,,,,,,3.047,,,,,,,,3.103,,,,,,3.151,,3.178,,3.235,,3.283,,3.322,,3.376,,3.417,,3.466,,3.501,,3.543,,3.577,,3.621,,3.644,,3.678,,3.699,,3.726,,3.752,,3.773,,3.8,,3.34,,3.362,,3.386,,3.405,,3.421,,2.602,,3.074,,2.408,,2.226,,2.646,,2.799,,,,2.255,,,,,,,,,,,,,,,,,,,,,,,,,,,,,,,,,,,,,,,,,,,,,,,,,,,,,,,,,,,,,,,,,,,,,,,,,,,,,,,,,,,,
,,0.493,,,,,,,,,,,,0.614,,,,,,,,,,,,0.736,,,,,,,,,,,,0.914,,,,,,,,,,,,1.019,,,,,,,,,,,,1.13,,,,,,,,,,,,1.239,,,,,,,,,,,,1.353,,,,,,,,,,,,1.454,,,,,,,,,,,,1.555,,,,,,,,,,,,1.661,,,,,,,,,,,,1.73,,,,,,,,,,,,1.842,,,,,,,,1.921,,,,,,,,2.015,,,,,,,,2.075,,,,,,,,2.143,,,,,,,,2.228,,,,,,,,2.309,,,,,,,,2.366,,,,,,,,2.421,,,,,,,,2.483,,,,,,,,2.545,,,,,,,,2.593,,,,,,,,2.636,,,,,,,,2.682,,,,,,,,2.723,,,,,,,,2.765,,,,,,2.799,,2.828,,2.865,,2.896,,2.929,,2.965,,2.996,,3.023,,3.053,,3.081,,3.114,,3.136,,3.163,,3.19,,3.216,,3.245,,3.268,,3.291,,3.314,,3.116,,3.141,,3.16,,3.178,,3.2,,2.388,,2.6,,2.891,,,,2.423,,2.25,,,,,,,,,,,,,,,,,,,,,,,,,,,,,,,,,,,,,,,,,,,,,,,,,,,,,,,,,,,,,,,,,,,,,,,,,,,,,,,,,,,,,,,,
,,0.405,,,,,,,,,,,,0.522,,,,,,,,,,,,0.599,,,,,,,,,,,,0.744,,,,,,,,,,,,0.859,,,,,,,,,,,,0.976,,,,,,,,,,,,1.091,,,,,,,,,,,,1.209,,,,,,,,,,,,1.297,,,,,,,,,,,,1.393,,,,,,,,,,,,1.478,,,,,,,,,,,,1.565,,,,,,,,,,,,1.663,,,,,,,,1.748,,,,,,,,1.816,,,,,,,,1.899,,,,,,,,1.964,,,,,,,,2.042,,,,,,,,2.096,,,,,,,,2.144,,,,,,,,2.203,,,,,,,,2.257,,,,,,,,2.324,,,,,,,,2.37,,,,,,,,2.41,,,,,,,,2.452,,,,,,,,2.501,,,,,,,,2.552,,,,,,2.587,,2.621,,2.656,,2.685,,2.701,,2.756,,2.784,,2.812,,2.838,,2.865,,2.896,,2.924,,2.952,,2.975,,3,,3.026,,3.045,,3.069,,3.096,,2.982,,2.996,,3.019,,3.035,,3.049,,2.855,,2.384,,2.532,,,,2.926,,,,,,,,,,,,,,,,,,,,,,,,,,,,,,,,,,,,,,,,,,,,,,,,,,,,,,,,,,,,,,,,,,,,,,,,,,,,,,,,,,,,,,,,,,
,,0.437,,,,,,,,,,,,0.571,,,,,,,,,,,,0.665,,,,,,,,,,,,0.829,,,,,,,,,,,,0.919,,,,,,,,,,,,1.043,,,,,,,,,,,,1.192,,,,,,,,,,,,1.313,,,,,,,,,,,,1.403,,,,,,,,,,,,1.502,,,,,,,,,,,,1.592,,,,,,,,,,,,1.67,,,,,,,,,,,,1.764,,,,,,,,1.814,,,,,,,,1.885,,,,,,,,1.948,,,,,,,,2.017,,,,,,,,2.086,,,,,,,,2.14,,,,,,,,2.174,,,,,,,,2.236,,,,,,,,2.283,,,,,,,,2.317,,,,,,,,2.36,,,,,,,,2.401,,,,,,,,2.434,,,,,,,,2.472,,,,,,,,2.506,,,,,,2.538,,2.566,,2.587,,2.608,,2.632,,2.66,,2.693,,2.722,,2.75,,2.773,,2.794,,2.81,,2.839,,2.864,,2.883,,2.907,,2.923,,2.937,,2.963,,2.557,,2.572,,2.575,,2.581,,2.594,,2.507,,2.872,,2.767,,,,2.558,,,,,,,,,,,,,,,,,,,,,,,,,,,,,,,,,,,,,,,,,,,,,,,,,,,,,,,,,,,,,,,,,,,,,,,,,,,,,,,,,,,,,,,,,,
,,0.449,,,,,,,,,,,,0.533,,,,,,,,,,,,0.619,,,,,,,,,,,,0.757,,,,,,,,,,,,0.849,,,,,,,,,,,,0.969,,,,,,,,,,,,1.087,,,,,,,,,,,,1.195,,,,,,,,,,,,1.274,,,,,,,,,,,,1.326,,,,,,,,,,,,1.457,,,,,,,,,,,,1.511,,,,,,,,,,,,1.619,,,,,,,,1.64,,,,,,,,1.682,,,,,,,,1.741,,,,,,,,1.817,,,,,,,,1.867,,,,,,,,1.905,,,,,,,,1.95,,,,,,,,2.009,,,,,,,,2.019,,,,,,,,2.053,,,,,,,,2.087,,,,,,,,2.115,,,,,,,,2.108,,,,,,,,2.145,,,,,,,,2.195,,,,,,2.209,,2.22,,2.245,,2.268,,2.296,,2.316,,2.346,,2.365,,2.385,,2.393,,2.417,,2.445,,2.468,,2.48,,2.495,,2.524,,2.523,,2.535,,2.534,,2.305,,2.325,,2.331,,2.361,,2.372,,2.728,,2.511,,2.217,,,,2.781,,,,,,,,,,,,,,,,,,,,,,,,,,,,,,,,,,,,,,,,,,,,,,,,,,,,,,,,,,,,,,,,,,,,,,,,,,,,,,,,,,,,,,,,,,
,,0.287,,,,,,,,,,,,0.41,,,,,,,,,,,,0.441,,,,,,,,,,,,0.53,,,,,,,,,,,,0.548,,,,,,,,,,,,0.661,,,,,,,,,,,,0.797,,,,,,,,,,,,0.882,,,,,,,,,,,,0.948,,,,,,,,,,,,1.035,,,,,,,,,,,,1.109,,,,,,,,,,,,1.123,,,,,,,,,,,,1.257,,,,,,,,1.286,,,,,,,,1.39,,,,,,,,1.411,,,,,,,,1.493,,,,,,,,1.514,,,,,,,,1.571,,,,,,,,1.619,,,,,,,,1.7,,,,,,,,1.736,,,,,,,,1.775,,,,,,,,1.794,,,,,,,,1.821,,,,,,,,1.818,,,,,,,,1.828,,,,,,,,1.869,,,,,,1.922,,1.945,,1.978,,2.007,,2.029,,2.043,,2.057,,2.058,,2.097,,2.127,,2.152,,2.16,,2.192,,2.201,,2.232,,2.25,,2.264,,2.269,,2.293,,2.763,,2.78,,2.796,,2.819,,2.837,,2.174,,2.73,,,,,,2.228,,,,,,,,,,,,,,,,,,,,,,,,,,,,,,,,,,,,,,,,,,,,,,,,,,,,,,,,,,,,,,,,,,,,,,,,,,,,,,,,,,,,,,,,,,
,,0.249,,,,,,,,,,,,0.39,,,,,,,,,,,,0.449,,,,,,,,,,,,0.566,,,,,,,,,,,,0.567,,,,,,,,,,,,0.718,,,,,,,,,,,,0.816,,,,,,,,,,,,0.923,,,,,,,,,,,,0.999,,,,,,,,,,,,1.067,,,,,,,,,,,,1.213,,,,,,,,,,,,1.289,,,,,,,,,,,,1.376,,,,,,,,1.486,,,,,,,,1.588,,,,,,,,1.663,,,,,,,,1.765,,,,,,,,1.79,,,,,,,,1.83,,,,,,,,1.93,,,,,,,,2.005,,,,,,,,2.061,,,,,,,,2.077,,,,,,,,2.13,,,,,,,,2.175,,,,,,,,2.197,,,,,,,,2.223,,,,,,,,2.26,,,,,,2.316,,2.354,,2.387,,2.419,,2.441,,2.463,,2.484,,2.516,,2.533,,2.544,,2.564,,2.584,,2.614,,2.639,,2.665,,2.68,,2.696,,2.705,,2.743,,2.41,,2.438,,2.453,,2.492,,2.487,,,,2.194,,,,,,,,,,,,,,,,,,,,,,,,,,,,,,,,,,,,,,,,,,,,,,,,,,,,,,,,,,,,,,,,,,,,,,,,,,,,,,,,,,,,,,,,,,,,,,,,
,,0.249,,,,,,,,,,,,0.247,,,,,,,,,,,,0.427,,,,,,,,,,,,0.497,,,,,,,,,,,,0.489,,,,,,,,,,,,0.605,,,,,,,,,,,,0.696,,,,,,,,,,,,0.772,,,,,,,,,,,,0.823,,,,,,,,,,,,0.887,,,,,,,,,,,,0.976,,,,,,,,,,,,1.023,,,,,,,,,,,,1.127,,,,,,,,1.188,,,,,,,,1.284,,,,,,,,1.324,,,,,,,,1.422,,,,,,,,1.436,,,,,,,,1.485,,,,,,,,1.579,,,,,,,,1.636,,,,,,,,1.691,,,,,,,,1.707,,,,,,,,1.76,,,,,,,,1.811,,,,,,,,1.843,,,,,,,,1.826,,,,,,,,1.877,,,,,,1.95,,1.985,,2.015,,2.031,,2.08,,2.119,,2.151,,2.188,,2.201,,2.186,,2.229,,2.273,,2.294,,2.29,,2.342,,2.34,,2.368,,2.379,,2.415,,2.632,,2.669,,2.674,,2.706,,2.718,,,,,,,,,,,,,,,,,,,,,,,,,,,,,,,,,,,,,,,,,,,,,,,,,,,,,,,,,,,,,,,,,,,,,,,,,,,,,,,,,,,,,,,,,,,,,,,,,,,,
,,0.451,,,,,,,,,,,,0.681,,,,,,,,,,,,0.808,,,,,,,,,,,,0.87,,,,,,,,,,,,0.848,,,,,,,,,,,,0.942,,,,,,,,,,,,1.044,,,,,,,,,,,,1.103,,,,,,,,,,,,1.157,,,,,,,,,,,,1.2,,,,,,,,,,,,1.31,,,,,,,,,,,,1.36,,,,,,,,,,,,1.489,,,,,,,,1.572,,,,,,,,1.63,,,,,,,,1.704,,,,,,,,1.803,,,,,,,,1.825,,,,,,,,1.813,,,,,,,,1.957,,,,,,,,1.989,,,,,,,,2.025,,,,,,,,2.067,,,,,,,,2.115,,,,,,,,2.154,,,,,,,,2.181,,,,,,,,2.206,,,,,,,,2.211,,,,,,2.253,,2.254,,2.306,,2.294,,2.347,,2.376,,2.393,,2.421,,2.45,,2.464,,2.47,,2.487,,2.519,,2.519,,2.552,,2.566,,2.602,,2.611,,2.625,,2.113,,2.135,,2.136,,2.17,,2.18,,,,,,,,,,,,,,,,,,,,,,,,,,,,,,,,,,,,,,,,,,,,,,,,,,,,,,,,,,,,,,,,,,,,,,,,,,,,,,,,,,,,,,,,,,,,,,,,,,,,
,,0.226,,,,,,,,,,,,0.334,,,,,,,,,,,,0.404,,,,,,,,,,,,0.615,,,,,,,,,,,,0.585,,,,,,,,,,,,0.624,,,,,,,,,,,,0.687,,,,,,,,,,,,0.718,,,,,,,,,,,,0.712,,,,,,,,,,,,0.719,,,,,,,,,,,,0.832,,,,,,,,,,,,0.847,,,,,,,,,,,,0.901,,,,,,,,1.016,,,,,,,,1.049,,,,,,,,1.082,,,,,,,,1.228,,,,,,,,1.24,,,,,,,,1.212,,,,,,,,1.332,,,,,,,,1.377,,,,,,,,1.415,,,,,,,,1.415,,,,,,,,1.502,,,,,,,,1.542,,,,,,,,1.564,,,,,,,,1.6,,,,,,,,1.635,,,,,,1.662,,1.661,,1.694,,1.736,,1.776,,1.806,,1.829,,1.861,,1.891,,1.919,,1.918,,1.949,,1.965,,1.973,,2.011,,2.037,,2.066,,2.074,,2.084,,,,,,,,,,,,,,,,,,,,,,,,,,,,,,,,,,,,,,,,,,,,,,,,,,,,,,,,,,,,,,,,,,,,,,,,,,,,,,,,,,,,,,,,,,,,,,,,,,,,,,,,,,,,,,
